,LocYear,econ1,econ2,econ3,econ4,econ5,econ6,econ7,econ8,econ9,econ10,econ11,16 to 19,16 to 24,20 to 24
0,AK2000,0.04,,0.13,0.33,,,0.49,,,,,,,
1,AK2001,0.02,,0.09,0.21,,,0.41,,,,,,,
2,AK2002,0.04,,0.1,0.21,,,0.41,,,,,,,
3,AK2003,0.03,,0.14,0.18,,,0.4,,,,,,,
4,AK2004,0.06,,0.11,0.17,,,0.4,,,,,,,
5,AK2005,0.06,0.18,0.15,0.23,,0.28,0.41,,,63100.0,,,,
6,AK2006,0.06,,0.15,0.25,0.65,0.33,0.42,,,60800.0,,,,
7,AK2007,0.04,,0.11,0.22,0.64,0.31,0.39,0.07,,67000.0,0.05,,,
8,AK2008,0.04,0.18,0.11,0.21,0.65,0.32,,0.08,0.13,73100.0,0.05,0.11,0.13,0.15
9,AK2009,0.05,,0.13,0.22,0.65,0.34,,0.09,0.13,71500.0,0.07,0.12,0.16,0.19
10,AK2010,0.05,0.23,0.13,0.24,0.64,0.31,,0.09,0.13,72700.0,0.06,0.11,0.17,0.21
11,AK2011,0.07,,0.15,0.27,0.6,0.32,,0.07,0.17,68700.0,0.05,0.1,0.16,0.19
12,AK2012,0.05,,0.14,0.25,0.61,0.34,,0.07,0.15,72000.0,0.05,0.1,0.15,0.19
13,AK2013,0.06,0.23,0.12,0.25,0.59,0.27,,0.06,0.14,77400.0,0.05,0.08,0.14,0.17
14,AK2014,0.06,0.25,0.16,0.25,0.62,0.33,,0.09,0.15,74800.0,0.06,0.11,0.15,0.17
15,AK2015,0.06,0.25,0.15,0.24,0.59,0.31,,0.08,0.14,75500.0,0.06,0.09,0.15,0.19
16,AK2016,0.06,0.22,0.14,0.26,0.63,0.28,,0.08,0.13,79500.0,0.06,0.11,0.17,0.22
17,AK2017,0.07,0.22,0.15,0.26,0.63,0.31,,0.11,0.16,79400.0,0.08,0.07,0.14,0.2
18,AK2018,0.06,0.22,0.14,0.25,0.67,0.25,,0.06,0.13,90100.0,0.04,0.1,0.16,0.21
19,AK2019,0.04,0.2,0.13,0.26,0.62,0.3,,0.06,0.16,83700.0,0.05,0.12,0.15,0.18
20,AK2020,,,,,,,,0.08,,,0.06,,,
21,AK2021,0.06,0.26,0.12,0.21,0.7,0.3,,0.07,0.14,94000.0,0.07,0.14,0.17,0.2
22,AK2022,0.06,0.23,0.14,0.23,0.67,0.28,0.32,0.04,0.16,101900.0,0.03,0.08,0.15,0.19
23,AK2023,0.06,0.21,0.12,0.22,0.7,0.27,,0.06,0.14,101100.0,0.04,0.1,0.13,0.15
24,AK2024,0.07,0.21,0.13,,,,,0.06,,110500.0,0.05,,,
25,AL2000,0.12,,0.21,0.12,,,0.35,,,,,,,
26,AL2001,0.11,,0.23,0.08,,,0.35,,,,,,,
27,AL2002,0.12,,0.24,0.11,,,0.37,,,,,,,
28,AL2003,0.12,,0.24,0.1,,,0.35,,,,,,,
29,AL2004,0.1,,0.23,0.08,,,0.36,,,,,,,
30,AL2005,0.12,0.26,0.25,0.09,,0.27,0.36,,,43100.0,,,,
31,AL2006,0.11,,0.23,0.08,0.68,0.3,0.36,,,47100.0,,,,
32,AL2007,0.11,,0.24,0.09,0.66,0.3,0.37,0.04,,47700.0,0.03,,,
33,AL2008,0.1,0.24,0.22,0.09,0.66,0.3,,0.06,0.23,52600.0,0.05,0.1,0.16,0.21
34,AL2009,0.11,,0.25,0.09,0.65,0.33,,0.15,0.24,48100.0,0.12,0.1,0.16,0.22
35,AL2010,0.13,0.33,0.28,0.09,0.64,0.35,,0.12,0.23,47200.0,0.11,0.11,0.18,0.23
36,AL2011,0.12,,0.28,0.09,0.63,0.35,,0.1,0.24,48900.0,0.08,0.1,0.17,0.23
37,AL2012,0.14,,0.27,0.09,0.61,0.32,,0.11,0.26,50000.0,0.08,0.1,0.17,0.22
38,AL2013,0.13,0.33,0.27,0.08,0.6,0.31,,0.08,0.25,50100.0,0.07,0.1,0.18,0.24
39,AL2014,0.13,0.34,0.28,0.09,0.59,0.31,,0.08,0.27,49700.0,0.06,0.1,0.17,0.23
40,AL2015,0.13,0.34,0.27,0.08,0.61,0.29,,0.07,0.25,53100.0,0.06,0.07,0.15,0.21
41,AL2016,0.11,0.31,0.25,0.08,0.62,0.27,,0.07,0.25,56800.0,0.05,0.09,0.14,0.19
42,AL2017,0.11,0.31,0.25,0.09,0.63,0.24,,0.05,0.25,58200.0,0.03,0.09,0.15,0.2
43,AL2018,0.11,0.29,0.24,0.09,0.62,0.26,,0.05,0.24,62300.0,0.04,0.09,0.14,0.19
44,AL2019,0.1,0.28,0.21,0.08,0.64,0.24,,0.03,0.25,62400.0,0.02,0.07,0.13,0.18
45,AL2020,,,,,,,,0.08,,,0.06,,,
46,AL2021,0.1,0.31,0.22,0.08,0.67,0.26,,0.04,0.23,69100.0,0.03,0.1,0.14,0.18
47,AL2022,0.1,0.3,0.22,0.09,0.69,0.24,0.29,0.02,0.25,74600.0,0.02,0.07,0.12,0.16
48,AL2023,0.1,0.29,0.21,0.11,0.69,0.25,,0.02,0.25,77300.0,0.02,0.07,0.11,0.15
49,AL2024,0.1,0.27,0.2,,,,,0.04,,84000.0,0.03,,,
50,AR2000,0.1,,0.25,0.13,,,0.33,,,,,,,
51,AR2001,0.09,,0.21,0.11,,,0.34,,,,,,,
52,AR2002,0.1,,0.22,0.16,,,0.35,,,,,,,
53,AR2003,0.12,,0.24,0.15,,,0.37,,,,,,,
54,AR2004,0.12,,0.26,0.12,,,0.38,,,,,,,
55,AR2005,0.12,0.26,0.25,0.14,,0.29,0.36,,,41100.0,,,,
56,AR2006,0.11,,0.24,0.1,0.63,0.3,0.36,,,43300.0,,,,
57,AR2007,0.1,,0.26,0.11,0.62,0.31,0.39,0.07,,42900.0,0.05,,,
58,AR2008,0.11,0.28,0.25,0.11,0.63,0.31,,0.06,0.28,45100.0,0.04,0.12,0.17,0.21
59,AR2009,0.12,,0.27,0.12,0.61,0.32,,0.09,0.28,42100.0,0.07,0.1,0.17,0.23
60,AR2010,0.12,0.33,0.28,0.12,0.6,0.32,,0.1,0.29,42200.0,0.08,0.12,0.19,0.24
61,AR2011,0.13,,0.28,0.11,0.59,0.32,,0.09,0.28,44200.0,0.07,0.1,0.16,0.2
62,AR2012,0.13,,0.29,0.12,0.59,0.3,,0.08,0.3,45400.0,0.07,0.11,0.18,0.23
63,AR2013,0.13,0.33,0.29,0.13,0.58,0.3,,0.07,0.29,46500.0,0.06,0.1,0.17,0.22
64,AR2014,0.11,0.3,0.26,0.11,0.59,0.28,,0.08,0.29,47900.0,0.06,0.08,0.15,0.21
65,AR2015,0.11,0.31,0.27,0.13,0.57,0.29,,0.05,0.28,50300.0,0.04,0.09,0.15,0.2
66,AR2016,0.1,0.28,0.24,0.14,0.59,0.26,,0.05,0.28,51900.0,0.03,0.1,0.15,0.2
67,AR2017,0.1,0.27,0.22,0.12,0.6,0.24,,0.04,0.29,53600.0,0.03,0.08,0.15,0.2
68,AR2018,0.1,0.25,0.25,0.13,0.6,0.26,,0.04,0.28,55600.0,0.03,0.1,0.15,0.18
69,AR2019,0.09,0.23,0.22,0.13,0.61,0.22,,0.04,0.3,57300.0,0.03,0.07,0.13,0.18
70,AR2020,,,,,,,,0.06,,,0.05,,,
71,AR2021,0.1,0.25,0.22,0.12,0.63,0.25,,0.05,0.27,63700.0,0.04,0.1,0.15,0.2
72,AR2022,0.12,0.24,0.22,0.13,0.66,0.25,0.29,0.03,0.28,67600.0,0.03,0.11,0.15,0.19
73,AR2023,0.11,0.19,0.21,0.12,0.65,0.24,,0.04,0.29,72500.0,0.03,0.1,0.14,0.18
74,AR2024,0.09,0.2,0.2,,,,,0.04,,75500.0,0.03,,,
75,AZ2000,0.06,,0.23,0.25,,,0.31,,,,,,,
76,AZ2001,0.09,,0.19,0.22,,,0.32,,,,,,,
77,AZ2002,0.08,,0.2,0.22,,,0.34,,,,,,,
78,AZ2003,0.1,,0.21,0.2,,,0.36,,,,,,,
79,AZ2004,0.1,,0.2,0.19,,,0.34,,,,,,,
80,AZ2005,0.09,0.2,0.2,0.21,,0.37,0.35,,,47400.0,,,,
81,AZ2006,0.08,,0.2,0.21,0.64,0.39,0.32,,,51400.0,,,,
82,AZ2007,0.09,,0.2,0.2,0.64,0.42,0.33,0.04,,54300.0,0.03,,,
83,AZ2008,0.09,0.22,0.21,0.18,0.62,0.44,,0.06,0.24,56400.0,0.05,0.11,0.16,0.2
84,AZ2009,0.11,,0.23,0.18,0.6,0.43,,0.11,0.24,53000.0,0.1,0.11,0.17,0.22
85,AZ2010,0.12,0.3,0.24,0.2,0.58,0.43,,0.11,0.26,50000.0,0.09,0.12,0.19,0.24
86,AZ2011,0.12,,0.27,0.2,0.54,0.41,,0.09,0.27,49800.0,0.08,0.11,0.18,0.23
87,AZ2012,0.12,,0.27,0.22,0.53,0.38,,0.08,0.27,51000.0,0.07,0.11,0.17,0.22
88,AZ2013,0.13,0.33,0.26,0.2,0.53,0.35,,0.07,0.28,51900.0,0.05,0.1,0.17,0.23
89,AZ2014,0.12,0.32,0.26,0.2,0.52,0.34,,0.08,0.27,55300.0,0.06,0.08,0.15,0.2
90,AZ2015,0.11,0.31,0.25,0.2,0.53,0.34,,0.06,0.28,55600.0,0.05,0.09,0.15,0.19
91,AZ2016,0.11,0.3,0.24,0.21,0.55,0.32,,0.05,0.27,58100.0,0.04,0.09,0.13,0.17
92,AZ2017,0.09,0.28,0.21,0.2,0.58,0.32,,0.05,0.26,62300.0,0.04,0.08,0.13,0.16
93,AZ2018,0.08,0.26,0.2,0.2,0.59,0.29,,0.05,0.25,65700.0,0.04,0.08,0.13,0.17
94,AZ2019,0.09,0.23,0.19,0.19,0.61,0.28,,0.05,0.25,70200.0,0.04,0.08,0.12,0.16
95,AZ2020,,,,,,,,0.08,,,0.07,,,
96,AZ2021,0.09,0.28,0.17,0.2,0.64,0.29,,0.05,0.22,78500.0,0.04,0.08,0.12,0.15
97,AZ2022,0.08,0.25,0.16,0.18,0.65,0.29,0.25,0.04,0.23,84600.0,0.03,0.08,0.12,0.15
98,AZ2023,0.08,0.24,0.15,0.19,0.66,0.29,,0.04,0.22,92800.0,0.03,0.08,0.12,0.15
99,AZ2024,0.07,0.24,0.15,,,,,0.03,,100600.0,0.02,,,
100,"Alabama, Congressional District 1 (113th-117th)2012",0.15,,0.28,,,,,,,47714.0,,,,
101,"Alabama, Congressional District 1 (113th-117th)2013",0.13,,0.29,,,,,,,48900.0,,,,
102,"Alabama, Congressional District 1 (113th-117th)2014",0.12,,0.26,,,,,,,50900.0,,,,
103,"Alabama, Congressional District 1 (113th-117th)2015",0.12,,0.23,,,,,,,55400.0,,,,
104,"Alabama, Congressional District 1 (113th-117th)2016",0.14,,0.27,,,,,,,60100.0,,,,
105,"Alabama, Congressional District 1 (113th-117th)2017",0.12,,0.27,,,,,,,57100.0,,,,
106,"Alabama, Congressional District 1 (113th-117th)2018",0.13,,0.25,,,,,,,60700.0,,,,
107,"Alabama, Congressional District 1 (113th-117th)2019",0.13,,0.22,,,,,,,62300.0,,,,
108,"Alabama, Congressional District 1 (113th-117th)2021",0.12,,0.23,,,,,,,66800.0,,,,
109,"Alabama, Congressional District 1 (118th - current)2022",0.09,,0.23,,,,,,,73400.0,,,,
110,"Alabama, Congressional District 1 (118th - current)2023",0.13,,0.22,,,,,,,74400.0,,,,
111,"Alabama, Congressional District 1 (118th - current)2024",0.08,,0.19,,,,,,,84900.0,,,,
112,"Alabama, Congressional District 12005",,,0.29,,,,,,,,,,,
113,"Alabama, Congressional District 12006",0.16,,0.27,,,,,,,,,,,
114,"Alabama, Congressional District 12007",0.15,,0.27,,,,,,,,,,,
115,"Alabama, Congressional District 12008",0.11,,0.26,,,,,,,,,,,
116,"Alabama, Congressional District 12009",0.12,,0.27,,,,,,,,,,,
117,"Alabama, Congressional District 12010",0.15,,0.28,,,,,,,,,,,
118,"Alabama, Congressional District 12011",0.12,,0.28,,,,,,,48200.0,,,,
119,"Alabama, Congressional District 2 (113th-117th)2012",0.16,,0.28,,,,,,,46781.0,,,,
120,"Alabama, Congressional District 2 (113th-117th)2013",0.16,,0.3,,,,,,,45700.0,,,,
121,"Alabama, Congressional District 2 (113th-117th)2014",0.14,,0.29,,,,,,,47500.0,,,,
122,"Alabama, Congressional District 2 (113th-117th)2015",0.16,,0.3,,,,,,,45000.0,,,,
123,"Alabama, Congressional District 2 (113th-117th)2016",0.12,,0.29,,,,,,,46300.0,,,,
124,"Alabama, Congressional District 2 (113th-117th)2017",0.13,,0.29,,,,,,,50800.0,,,,
125,"Alabama, Congressional District 2 (113th-117th)2018",0.14,,0.27,,,,,,,56900.0,,,,
126,"Alabama, Congressional District 2 (113th-117th)2019",0.11,,0.25,,,,,,,53500.0,,,,
127,"Alabama, Congressional District 2 (113th-117th)2021",0.11,,0.24,,,,,,,58200.0,,,,
128,"Alabama, Congressional District 2 (118th - current)2022",0.14,,0.27,,,,,,,64100.0,,,,
129,"Alabama, Congressional District 2 (118th - current)2023",0.11,,0.23,,,,,,,67300.0,,,,
130,"Alabama, Congressional District 2 (118th - current)2024",0.15,,0.29,,,,,,,59000.0,,,,
131,"Alabama, Congressional District 22005",,,0.24,,,,,,,,,,,
132,"Alabama, Congressional District 22006",0.11,,0.25,,,,,,,,,,,
133,"Alabama, Congressional District 22007",0.12,,0.26,,,,,,,,,,,
134,"Alabama, Congressional District 22008",0.1,,0.21,,,,,,,,,,,
135,"Alabama, Congressional District 22009",0.14,,0.29,,,,,,,,,,,
136,"Alabama, Congressional District 22010",0.12,,0.27,,,,,,,,,,,
137,"Alabama, Congressional District 22011",0.14,,0.32,,,,,,,43100.0,,,,
138,"Alabama, Congressional District 3 (113th-117th)2012",0.14,,0.3,,,,,,,47096.0,,,,
139,"Alabama, Congressional District 3 (113th-117th)2013",0.15,,0.27,,,,,,,45400.0,,,,
140,"Alabama, Congressional District 3 (113th-117th)2014",0.15,,0.27,,,,,,,46700.0,,,,
141,"Alabama, Congressional District 3 (113th-117th)2015",0.13,,0.28,,,,,,,51300.0,,,,
142,"Alabama, Congressional District 3 (113th-117th)2016",0.08,,0.2,,,,,,,57800.0,,,,
143,"Alabama, Congressional District 3 (113th-117th)2017",0.12,,0.24,,,,,,,53800.0,,,,
144,"Alabama, Congressional District 3 (113th-117th)2018",0.11,,0.22,,,,,,,61500.0,,,,
145,"Alabama, Congressional District 3 (113th-117th)2019",0.09,,0.17,,,,,,,67300.0,,,,
146,"Alabama, Congressional District 3 (113th-117th)2021",0.12,,0.25,,,,,,,62700.0,,,,
147,"Alabama, Congressional District 3 (118th - current)2022",0.11,,0.23,,,,,,,65700.0,,,,
148,"Alabama, Congressional District 3 (118th - current)2023",0.1,,0.18,,,,,,,77100.0,,,,
149,"Alabama, Congressional District 3 (118th - current)2024",0.11,,0.22,,,,,,,81000.0,,,,
150,"Alabama, Congressional District 32005",,,0.24,,,,,,,,,,,
151,"Alabama, Congressional District 32006",0.12,,0.25,,,,,,,,,,,
152,"Alabama, Congressional District 32007",0.12,,0.26,,,,,,,,,,,
153,"Alabama, Congressional District 32008",0.12,,0.25,,,,,,,,,,,
154,"Alabama, Congressional District 32009",0.12,,0.25,,,,,,,,,,,
155,"Alabama, Congressional District 32010",0.15,,0.33,,,,,,,,,,,
156,"Alabama, Congressional District 32011",0.12,,0.28,,,,,,,44300.0,,,,
157,"Alabama, Congressional District 4 (113th-117th)2012",0.12,,0.29,,,,,,,43311.0,,,,
158,"Alabama, Congressional District 4 (113th-117th)2013",0.1,,0.24,,,,,,,47000.0,,,,
159,"Alabama, Congressional District 4 (113th-117th)2014",0.12,,0.3,,,,,,,46500.0,,,,
160,"Alabama, Congressional District 4 (113th-117th)2015",0.13,,0.3,,,,,,,46800.0,,,,
161,"Alabama, Congressional District 4 (113th-117th)2016",0.13,,0.27,,,,,,,50000.0,,,,
162,"Alabama, Congressional District 4 (113th-117th)2017",0.12,,0.26,,,,,,,57500.0,,,,
163,"Alabama, Congressional District 4 (113th-117th)2018",0.13,,0.27,,,,,,,55500.0,,,,
164,"Alabama, Congressional District 4 (113th-117th)2019",0.1,,0.22,,,,,,,60200.0,,,,
165,"Alabama, Congressional District 4 (113th-117th)2021",0.09,,0.22,,,,,,,71400.0,,,,
166,"Alabama, Congressional District 4 (118th - current)2022",0.12,,0.25,,,,,,,70500.0,,,,
167,"Alabama, Congressional District 4 (118th - current)2023",0.09,,0.24,,,,,,,71000.0,,,,
168,"Alabama, Congressional District 4 (118th - current)2024",0.1,,0.22,,,,,,,82300.0,,,,
169,"Alabama, Congressional District 42005",,,0.22,,,,,,,,,,,
170,"Alabama, Congressional District 42006",0.13,,0.22,,,,,,,,,,,
171,"Alabama, Congressional District 42007",0.11,,0.25,,,,,,,,,,,
172,"Alabama, Congressional District 42008",0.1,,0.22,,,,,,,,,,,
173,"Alabama, Congressional District 42009",0.11,,0.26,,,,,,,,,,,
174,"Alabama, Congressional District 42010",0.13,,0.31,,,,,,,,,,,
175,"Alabama, Congressional District 42011",0.12,,0.28,,,,,,,46300.0,,,,
176,"Alabama, Congressional District 5 (113th-117th)2012",0.08,,0.19,,,,,,,60915.0,,,,
177,"Alabama, Congressional District 5 (113th-117th)2013",0.08,,0.23,,,,,,,59400.0,,,,
178,"Alabama, Congressional District 5 (113th-117th)2014",0.1,,0.23,,,,,,,56600.0,,,,
179,"Alabama, Congressional District 5 (113th-117th)2015",0.1,,0.22,,,,,,,60800.0,,,,
180,"Alabama, Congressional District 5 (113th-117th)2016",0.09,,0.2,,,,,,,67200.0,,,,
181,"Alabama, Congressional District 5 (113th-117th)2017",0.08,,0.2,,,,,,,66100.0,,,,
182,"Alabama, Congressional District 5 (113th-117th)2018",0.07,,0.18,,,,,,,72300.0,,,,
183,"Alabama, Congressional District 5 (113th-117th)2019",0.07,,0.19,,,,,,,70700.0,,,,
184,"Alabama, Congressional District 5 (113th-117th)2021",0.06,,0.15,,,,,,,89200.0,,,,
185,"Alabama, Congressional District 5 (118th - current)2022",0.05,,0.15,,,,,,,96300.0,,,,
186,"Alabama, Congressional District 5 (118th - current)2023",0.07,,0.13,,,,,,,99300.0,,,,
187,"Alabama, Congressional District 5 (118th - current)2024",0.07,,0.14,,,,,,,101300.0,,,,
188,"Alabama, Congressional District 52005",,,0.22,,,,,,,,,,,
189,"Alabama, Congressional District 52006",0.08,,0.19,,,,,,,,,,,
190,"Alabama, Congressional District 52007",0.08,,0.21,,,,,,,,,,,
191,"Alabama, Congressional District 52008",0.08,,0.18,,,,,,,,,,,
192,"Alabama, Congressional District 52009",0.08,,0.19,,,,,,,,,,,
193,"Alabama, Congressional District 52010",0.1,,0.22,,,,,,,,,,,
194,"Alabama, Congressional District 52011",0.1,,0.23,,,,,,,52100.0,,,,
195,"Alabama, Congressional District 6 (113th-117th)2012",0.07,,0.15,,,,,,,72464.0,,,,
196,"Alabama, Congressional District 6 (113th-117th)2013",0.08,,0.18,,,,,,,71700.0,,,,
197,"Alabama, Congressional District 6 (113th-117th)2014",0.06,,0.16,,,,,,,75700.0,,,,
198,"Alabama, Congressional District 6 (113th-117th)2015",0.06,,0.13,,,,,,,78400.0,,,,
199,"Alabama, Congressional District 6 (113th-117th)2016",0.05,,0.13,,,,,,,81800.0,,,,
200,"Alabama, Congressional District 6 (113th-117th)2017",0.06,,0.13,,,,,,,82000.0,,,,
201,"Alabama, Congressional District 6 (113th-117th)2018",0.05,,0.13,,,,,,,89200.0,,,,
202,"Alabama, Congressional District 6 (113th-117th)2019",0.04,,0.12,,,,,,,93400.0,,,,
203,"Alabama, Congressional District 6 (113th-117th)2021",0.05,,0.11,,,,,,,93600.0,,,,
204,"Alabama, Congressional District 6 (118th - current)2022",0.05,,0.11,,,,,,,109000.0,,,,
205,"Alabama, Congressional District 6 (118th - current)2023",0.05,,0.14,,,,,,,99200.0,,,,
206,"Alabama, Congressional District 6 (118th - current)2024",0.07,,0.12,,,,,,,108800.0,,,,
207,"Alabama, Congressional District 62005",,,0.1,,,,,,,,,,,
208,"Alabama, Congressional District 62006",0.04,,0.09,,,,,,,,,,,
209,"Alabama, Congressional District 62007",0.03,,0.1,,,,,,,,,,,
210,"Alabama, Congressional District 62008",0.03,,0.1,,,,,,,,,,,
211,"Alabama, Congressional District 62009",0.05,,0.12,,,,,,,,,,,
212,"Alabama, Congressional District 62010",0.08,,0.15,,,,,,,,,,,
213,"Alabama, Congressional District 62011",0.05,,0.15,,,,,,,72400.0,,,,
214,"Alabama, Congressional District 7 (113th-117th)2012",0.25,,0.44,,,,,,,31350.0,,,,
215,"Alabama, Congressional District 7 (113th-117th)2013",0.23,,0.41,,,,,,,32800.0,,,,
216,"Alabama, Congressional District 7 (113th-117th)2014",0.22,,0.44,,,,,,,29500.0,,,,
217,"Alabama, Congressional District 7 (113th-117th)2015",0.19,,0.42,,,,,,,32700.0,,,,
218,"Alabama, Congressional District 7 (113th-117th)2016",0.21,,0.37,,,,,,,38100.0,,,,
219,"Alabama, Congressional District 7 (113th-117th)2017",0.16,,0.35,,,,,,,37900.0,,,,
220,"Alabama, Congressional District 7 (113th-117th)2018",0.18,,0.36,,,,,,,38900.0,,,,
221,"Alabama, Congressional District 7 (113th-117th)2019",0.19,,0.34,,,,,,,35000.0,,,,
222,"Alabama, Congressional District 7 (113th-117th)2021",0.18,,0.39,,,,,,,37700.0,,,,
223,"Alabama, Congressional District 7 (118th - current)2022",0.17,,0.31,,,,,,,54600.0,,,,
224,"Alabama, Congressional District 7 (118th - current)2023",0.18,,0.36,,,,,,,51700.0,,,,
225,"Alabama, Congressional District 7 (118th - current)2024",0.13,,0.25,,,,,,,65800.0,,,,
226,"Alabama, Congressional District 72005",,,0.44,,,,,,,,,,,
227,"Alabama, Congressional District 72006",0.18,,0.36,,,,,,,,,,,
228,"Alabama, Congressional District 72007",0.18,,0.37,,,,,,,,,,,
229,"Alabama, Congressional District 72008",0.15,,0.33,,,,,,,,,,,
230,"Alabama, Congressional District 72009",0.18,,0.37,,,,,,,,,,,
231,"Alabama, Congressional District 72010",0.19,,0.42,,,,,,,,,,,
232,"Alabama, Congressional District 72011",0.21,,0.43,,,,,,,33500.0,,,,
233,CA2000,0.08,,0.2,0.32,,,0.35,,,,,,,
234,CA2001,0.07,,0.18,0.31,,,0.35,,,,,,,
235,CA2002,0.07,,0.19,0.32,,,0.36,,,,,,,
236,CA2003,0.07,,0.19,0.3,,,0.35,,,,,,,
237,CA2004,0.08,,0.19,0.28,,,0.36,,,,,,,
238,CA2005,0.07,0.16,0.19,0.28,,0.51,0.36,,,56300.0,,,,
239,CA2006,0.07,,0.18,0.27,0.56,0.54,0.35,,,60200.0,,,,
240,CA2007,0.07,,0.17,0.26,0.55,0.55,0.35,0.06,,62000.0,0.04,,,
241,CA2008,0.07,0.17,0.18,0.26,0.54,0.55,,0.08,0.21,64200.0,0.06,0.08,0.13,0.17
242,CA2009,0.08,,0.2,0.28,0.52,0.54,,0.13,0.22,61000.0,0.1,0.08,0.15,0.2
243,CA2010,0.09,0.24,0.22,0.29,0.5,0.54,,0.13,0.22,59100.0,0.11,0.08,0.15,0.2
244,CA2011,0.1,,0.23,0.28,0.49,0.52,,0.13,0.23,59100.0,0.1,0.09,0.15,0.2
245,CA2012,0.1,,0.24,0.28,0.47,0.51,,0.11,0.24,60400.0,0.09,0.08,0.15,0.2
246,CA2013,0.1,0.27,0.23,0.28,0.47,0.48,,0.1,0.24,61400.0,0.08,0.08,0.14,0.18
247,CA2014,0.09,0.27,0.23,0.28,0.47,0.47,,0.08,0.24,64800.0,0.06,0.07,0.13,0.18
248,CA2015,0.09,0.27,0.21,0.28,0.47,0.45,,0.07,0.24,66400.0,0.05,0.07,0.12,0.17
249,CA2016,0.08,0.27,0.2,0.28,0.47,0.44,,0.06,0.23,71500.0,0.05,0.06,0.11,0.15
250,CA2017,0.07,0.25,0.18,0.28,0.49,0.43,,0.05,0.22,76900.0,0.04,0.07,0.11,0.15
251,CA2018,0.07,0.24,0.17,0.28,0.5,0.42,,0.05,0.21,81400.0,0.03,0.06,0.11,0.14
252,CA2019,0.06,0.21,0.16,0.28,0.5,0.41,,0.04,0.21,85300.0,0.03,0.06,0.1,0.14
253,CA2020,,,,,,,,0.11,,,0.08,,,
254,CA2021,0.07,0.27,0.16,0.27,0.53,0.4,,0.08,0.17,93600.0,0.06,0.07,0.12,0.17
255,CA2022,0.07,0.26,0.15,0.27,0.54,0.41,0.28,0.04,0.19,101700.0,0.03,0.06,0.11,0.15
256,CA2023,0.07,0.26,0.15,0.27,0.54,0.41,,0.05,0.19,104400.0,0.03,0.07,0.11,0.14
257,CA2024,0.07,0.26,0.15,,,,,0.05,,111700.0,0.04,,,
258,CO2000,0.03,,0.1,0.14,,,0.34,,,,,,,
259,CO2001,0.06,,0.13,0.1,,,0.27,,,,,,,
260,CO2002,0.05,,0.12,0.12,,,0.29,,,,,,,
261,CO2003,0.06,,0.13,0.1,,,0.31,,,,,,,
262,CO2004,0.07,,0.15,0.09,,,0.31,,,,,,,
263,CO2005,0.06,0.13,0.14,0.09,,0.38,0.31,,,58400.0,,,,
264,CO2006,0.07,,0.16,0.09,0.7,0.41,0.31,,,60800.0,,,,
265,CO2007,0.08,,0.16,0.1,0.68,0.4,0.31,0.04,,63800.0,0.03,,,
266,CO2008,0.05,0.12,0.15,0.1,0.66,0.38,,0.04,0.2,67000.0,0.03,0.08,0.11,0.13
267,CO2009,0.08,,0.17,0.11,0.66,0.38,,0.09,0.19,66000.0,0.06,0.08,0.13,0.17
268,CO2010,0.08,0.19,0.17,0.12,0.64,0.39,,0.11,0.19,63700.0,0.08,0.07,0.12,0.16
269,CO2011,0.08,,0.18,0.12,0.63,0.38,,0.09,0.19,64700.0,0.07,0.08,0.13,0.17
270,CO2012,0.08,,0.18,0.12,0.61,0.36,,0.08,0.2,65900.0,0.06,0.08,0.12,0.16
271,CO2013,0.07,0.21,0.17,0.11,0.62,0.34,,0.07,0.21,68100.0,0.05,0.06,0.11,0.15
272,CO2014,0.07,0.21,0.15,0.12,0.62,0.32,,0.04,0.21,72000.0,0.03,0.06,0.11,0.14
273,CO2015,0.06,0.19,0.15,0.12,0.63,0.31,,0.04,0.19,76600.0,0.03,0.07,0.11,0.13
274,CO2016,0.05,0.18,0.13,0.11,0.64,0.31,,0.03,0.19,78000.0,0.03,0.07,0.1,0.13
275,CO2017,0.05,0.16,0.12,0.12,0.65,0.31,,0.03,0.18,82900.0,0.02,0.05,0.09,0.11
276,CO2018,0.05,0.15,0.12,0.1,0.67,0.3,,0.03,0.18,87700.0,0.02,0.06,0.09,0.12
277,CO2019,0.05,0.16,0.11,0.11,0.68,0.3,,0.03,0.17,92500.0,0.02,0.05,0.09,0.11
278,CO2020,,,,,,,,0.07,,,0.06,,,
279,CO2021,0.06,0.19,0.12,0.1,0.71,0.3,,0.07,0.14,102300.0,0.05,0.07,0.11,0.14
280,CO2022,0.06,0.19,0.11,0.11,0.72,0.3,0.22,0.03,0.16,110400.0,0.02,0.06,0.09,0.11
281,CO2023,0.06,0.19,0.11,0.11,0.71,0.31,,0.03,0.15,118700.0,0.02,0.06,0.08,0.1
282,CO2024,0.06,0.18,0.11,,,,,0.05,,124700.0,0.03,,,
283,CT2000,0.04,,0.11,0.07,,,0.26,,,,,,,
284,CT2001,0.05,,0.1,0.07,,,0.25,,,,,,,
285,CT2002,0.05,,0.1,0.07,,,0.28,,,,,,,
286,CT2003,0.05,,0.11,0.06,,,0.28,,,,,,,
287,CT2004,0.06,,0.1,0.08,,,0.27,,,,,,,
288,CT2005,0.06,0.12,0.12,0.07,,0.38,0.29,,,76300.0,,,,
289,CT2006,0.05,,0.11,0.06,0.72,0.41,0.28,,,77800.0,,,,
290,CT2007,0.05,,0.11,0.07,0.73,0.41,0.29,0.05,,82200.0,0.03,,,
291,CT2008,0.06,0.13,0.12,0.07,0.71,0.42,,0.08,0.12,84300.0,0.05,0.06,0.09,0.13
292,CT2009,0.06,,0.12,0.08,0.7,0.41,,0.09,0.13,83100.0,0.06,0.06,0.11,0.15
293,CT2010,0.06,0.19,0.13,0.08,0.69,0.43,,0.1,0.13,80800.0,0.07,0.05,0.11,0.16
294,CT2011,0.07,,0.15,0.07,0.68,0.44,,0.1,0.15,81500.0,0.07,0.07,0.12,0.17
295,CT2012,0.07,,0.15,0.07,0.66,0.41,,0.09,0.14,85100.0,0.07,0.05,0.11,0.16
296,CT2013,0.07,0.22,0.15,0.07,0.65,0.38,,0.08,0.15,82400.0,0.06,0.05,0.11,0.16
297,CT2014,0.07,0.23,0.15,0.08,0.64,0.38,,0.08,0.16,87900.0,0.06,0.05,0.1,0.14
298,CT2015,0.07,0.21,0.15,0.08,0.65,0.37,,0.09,0.14,89900.0,0.06,0.05,0.1,0.14
299,CT2016,0.06,0.21,0.13,0.08,0.64,0.34,,0.06,0.16,92200.0,0.05,0.05,0.09,0.11
300,CT2017,0.06,0.19,0.13,0.09,0.66,0.35,,0.05,0.15,91100.0,0.03,0.05,0.1,0.14
301,CT2018,0.06,0.19,0.14,0.07,0.64,0.35,,0.06,0.16,93800.0,0.04,0.05,0.09,0.12
302,CT2019,0.06,0.2,0.14,0.07,0.65,0.34,,0.03,0.16,98300.0,0.02,0.04,0.08,0.12
303,CT2020,,,,,,,,0.08,,,0.06,,,
304,CT2021,0.07,0.23,0.13,0.09,0.67,0.31,,0.06,0.14,105000.0,0.05,0.04,0.09,0.12
305,CT2022,0.06,0.21,0.12,0.08,0.7,0.31,0.23,0.05,0.15,114200.0,0.03,0.05,0.1,0.14
306,CT2023,0.07,0.21,0.13,0.09,0.68,0.34,,0.03,0.17,112800.0,0.02,0.05,0.09,0.12
307,CT2024,0.07,0.2,0.13,,,,,0.03,,121600.0,0.02,,,
308,DE2000,0.02,,0.12,0.1,,,0.25,,,,,,,
309,DE2001,0.05,,0.14,0.07,,,0.26,,,,,,,
310,DE2002,0.06,,0.11,0.07,,,0.3,,,,,,,
311,DE2003,0.05,,0.12,0.07,,,0.29,,,,,,,
312,DE2004,0.07,,0.14,0.09,,,0.3,,,,,,,
313,DE2005,0.06,0.15,0.14,0.09,,0.32,0.29,,,61700.0,,,,
314,DE2006,0.07,,0.16,0.08,0.71,0.35,0.3,,,61200.0,,,,
315,DE2007,0.07,,0.15,0.08,0.68,0.39,0.31,0.03,,61700.0,0.03,,,
316,DE2008,0.05,0.18,0.14,0.07,0.71,0.39,,0.05,0.17,66500.0,0.04,0.09,0.11,0.13
317,DE2009,0.07,,0.16,0.08,0.69,0.41,,0.1,0.17,65400.0,0.07,0.08,0.12,0.16
318,DE2010,0.08,0.28,0.18,0.11,0.67,0.4,,0.09,0.18,64600.0,0.07,0.09,0.14,0.18
319,DE2011,0.09,,0.17,0.08,0.65,0.38,,0.08,0.21,63100.0,0.06,0.08,0.14,0.18
320,DE2012,0.08,,0.17,0.09,0.65,0.37,,0.08,0.21,69300.0,0.06,0.08,0.14,0.19
321,DE2013,0.09,0.32,0.18,0.11,0.65,0.35,,0.08,0.2,66300.0,0.06,0.06,0.14,0.2
322,DE2014,0.08,0.28,0.18,0.07,0.62,0.32,,0.06,0.19,71500.0,0.04,0.05,0.12,0.17
323,DE2015,0.08,0.3,0.19,0.12,0.63,0.32,,0.05,0.21,71600.0,0.04,0.08,0.11,0.14
324,DE2016,0.07,0.27,0.17,0.1,0.63,0.32,,0.03,0.2,70400.0,0.03,0.07,0.14,0.2
325,DE2017,0.07,0.27,0.18,0.07,0.65,0.29,,0.06,0.22,71000.0,0.04,0.06,0.12,0.18
326,DE2018,0.08,0.24,0.19,0.1,0.62,0.33,,0.04,0.21,74100.0,0.03,0.04,0.11,0.16
327,DE2019,0.06,0.25,0.16,0.11,0.64,0.28,,0.04,0.2,77200.0,0.04,0.06,0.1,0.14
328,DE2020,,,,,,,,0.08,,,0.06,,,
329,DE2021,0.08,0.28,0.17,0.09,0.69,0.31,,0.06,0.16,82100.0,0.05,0.05,0.08,0.1
330,DE2022,0.06,0.27,0.13,0.12,0.68,0.22,0.24,0.04,0.18,98000.0,0.03,0.03,0.08,0.13
331,DE2023,0.06,0.26,0.15,0.11,0.71,0.24,,0.04,0.18,101100.0,0.03,0.05,0.1,0.14
332,DE2024,0.07,0.22,0.13,,,,,0.05,,105100.0,0.03,,,
333,FL2000,0.08,,0.19,0.15,,,0.34,,,,,,,
334,FL2001,0.07,,0.17,0.15,,,0.31,,,,,,,
335,FL2002,0.08,,0.19,0.16,,,0.33,,,,,,,
336,FL2003,0.08,,0.19,0.15,,,0.33,,,,,,,
337,FL2004,0.08,,0.18,0.13,,,0.32,,,,,,,
338,FL2005,0.08,0.19,0.18,0.12,,0.42,0.33,,,49100.0,,,,
339,FL2006,0.07,,0.17,0.12,0.65,0.46,0.32,,,52200.0,,,,
340,FL2007,0.07,,0.17,0.12,0.64,0.49,0.32,0.05,,54000.0,0.04,,,
341,FL2008,0.07,0.17,0.18,0.12,0.63,0.49,,0.07,0.24,54400.0,0.05,0.1,0.15,0.19
342,FL2009,0.09,,0.21,0.12,0.61,0.5,,0.12,0.25,49800.0,0.09,0.11,0.16,0.2
343,FL2010,0.1,0.28,0.23,0.13,0.59,0.49,,0.12,0.25,49800.0,0.09,0.1,0.16,0.21
344,FL2011,0.11,,0.25,0.13,0.57,0.48,,0.11,0.26,49500.0,0.09,0.09,0.16,0.21
345,FL2012,0.11,,0.25,0.14,0.55,0.46,,0.1,0.27,49500.0,0.08,0.09,0.16,0.2
346,FL2013,0.11,0.33,0.24,0.14,0.54,0.42,,0.08,0.27,51100.0,0.06,0.09,0.15,0.2
347,FL2014,0.1,0.33,0.24,0.15,0.52,0.41,,0.07,0.28,51900.0,0.05,0.08,0.14,0.19
348,FL2015,0.1,0.33,0.23,0.14,0.53,0.4,,0.06,0.28,52900.0,0.04,0.08,0.13,0.17
349,FL2016,0.09,0.32,0.21,0.14,0.53,0.39,,0.05,0.27,56900.0,0.04,0.07,0.12,0.15
350,FL2017,0.09,0.31,0.2,0.14,0.55,0.38,,0.05,0.26,59300.0,0.04,0.07,0.12,0.15
351,FL2018,0.08,0.3,0.2,0.15,0.57,0.37,,0.04,0.26,62200.0,0.03,0.07,0.12,0.15
352,FL2019,0.08,0.27,0.18,0.14,0.58,0.36,,0.03,0.26,65800.0,0.03,0.07,0.11,0.14
353,FL2020,,,,,,,,0.09,,,0.07,,,
354,FL2021,0.08,0.3,0.18,0.14,0.62,0.36,,0.05,0.22,71300.0,0.04,0.07,0.12,0.16
355,FL2022,0.08,0.27,0.17,0.15,0.62,0.38,0.26,0.03,0.23,80400.0,0.02,0.07,0.11,0.15
356,FL2023,0.07,0.27,0.16,0.15,0.63,0.38,,0.03,0.23,85100.0,0.02,0.07,0.11,0.14
357,FL2024,0.07,0.25,0.15,,,,,0.03,,90300.0,0.03,,,
358,GA2000,0.09,,0.18,0.11,,,0.32,,,,,,,
359,GA2001,0.07,,0.16,0.11,,,0.29,,,,,,,
360,GA2002,0.08,,0.18,0.1,,,0.32,,,,,,,
361,GA2003,0.09,,0.19,0.11,,,0.31,,,,,,,
362,GA2004,0.1,,0.21,0.1,,,0.35,,,,,,,
363,GA2005,0.09,0.19,0.2,0.1,,0.35,0.34,,,51300.0,,,,
364,GA2006,0.09,,0.2,0.09,0.65,0.36,0.34,,,53600.0,,,,
365,GA2007,0.09,,0.2,0.1,0.65,0.37,0.33,0.06,,55900.0,0.04,,,
366,GA2008,0.09,0.2,0.2,0.11,0.64,0.37,,0.07,0.23,56800.0,0.06,0.11,0.16,0.21
367,GA2009,0.1,,0.22,0.1,0.63,0.39,,0.11,0.23,53700.0,0.09,0.12,0.17,0.22
368,GA2010,0.11,0.29,0.25,0.12,0.61,0.41,,0.12,0.24,51900.0,0.09,0.12,0.18,0.24
369,GA2011,0.12,,0.26,0.11,0.59,0.4,,0.11,0.25,51900.0,0.08,0.11,0.18,0.24
370,GA2012,0.13,,0.27,0.11,0.57,0.38,,0.1,0.26,53000.0,0.08,0.11,0.18,0.24
371,GA2013,0.12,0.33,0.27,0.11,0.57,0.36,,0.1,0.26,53100.0,0.07,0.1,0.16,0.22
372,GA2014,0.12,0.32,0.26,0.11,0.56,0.35,,0.08,0.26,54100.0,0.06,0.1,0.16,0.21
373,GA2015,0.11,0.31,0.24,0.11,0.54,0.33,,0.07,0.27,57000.0,0.05,0.09,0.15,0.2
374,GA2016,0.1,0.3,0.23,0.1,0.54,0.32,,0.06,0.24,62100.0,0.05,0.08,0.13,0.17
375,GA2017,0.09,0.27,0.21,0.1,0.58,0.3,,0.05,0.25,64700.0,0.04,0.08,0.13,0.17
376,GA2018,0.09,0.26,0.2,0.11,0.59,0.3,,0.05,0.25,66900.0,0.04,0.08,0.12,0.16
377,GA2019,0.08,0.24,0.19,0.1,0.6,0.28,,0.04,0.25,70800.0,0.03,0.08,0.13,0.17
378,GA2020,,,,,,,,0.07,,,0.05,,,
379,GA2021,0.1,0.27,0.2,0.09,0.63,0.29,,0.04,0.21,76400.0,0.03,0.08,0.13,0.17
380,GA2022,0.08,0.28,0.17,0.1,0.64,0.28,0.26,0.04,0.23,84100.0,0.03,0.07,0.12,0.15
381,GA2023,0.09,0.26,0.18,0.11,0.65,0.31,,0.04,0.23,87600.0,0.03,0.07,0.12,0.16
382,GA2024,0.08,0.22,0.16,,,,,0.03,,95200.0,0.02,,,
383,HI2000,0.06,,0.13,0.39,,,0.41,,,,,,,
384,HI2001,0.05,,0.14,0.35,,,0.33,,,,,,,
385,HI2002,0.07,,0.14,0.38,,,0.35,,,,,,,
386,HI2003,0.07,,0.15,0.35,,,0.33,,,,,,,
387,HI2004,0.06,,0.14,0.33,,,0.36,,,,,,,
388,HI2005,0.05,0.15,0.13,0.31,,0.37,0.34,,,62500.0,,,,
389,HI2006,0.06,,0.11,0.32,0.57,0.4,0.35,,,66200.0,,,,
390,HI2007,0.05,,0.1,0.3,0.55,0.43,0.32,0.03,,68700.0,0.02,,,
391,HI2008,0.05,0.14,0.1,0.27,0.54,0.47,,0.04,0.15,73100.0,0.03,0.09,0.12,0.14
392,HI2009,0.05,,0.14,0.28,0.53,0.49,,0.08,0.17,68900.0,0.07,0.12,0.13,0.15
393,HI2010,0.07,0.22,0.14,0.3,0.55,0.46,,0.1,0.17,73100.0,0.07,0.12,0.15,0.18
394,HI2011,0.09,,0.17,0.33,0.52,0.46,,0.1,0.18,64900.0,0.07,0.11,0.15,0.17
395,HI2012,0.08,,0.17,0.32,0.5,0.46,,0.07,0.19,71400.0,0.05,0.09,0.14,0.16
396,HI2013,0.06,0.26,0.13,0.31,0.49,0.43,,0.06,0.18,79700.0,0.04,0.1,0.13,0.14
397,HI2014,0.06,0.27,0.15,0.31,0.5,0.41,,0.04,0.18,71800.0,0.03,0.1,0.14,0.16
398,HI2015,0.07,0.27,0.14,0.34,0.5,0.38,,0.04,0.16,77900.0,0.03,0.06,0.11,0.14
399,HI2016,0.05,0.27,0.1,0.31,0.51,0.4,,0.04,0.17,80500.0,0.03,0.08,0.11,0.13
400,HI2017,0.06,0.23,0.12,0.33,0.52,0.36,,0.03,0.15,87100.0,0.02,0.09,0.11,0.12
401,HI2018,0.06,0.22,0.12,0.32,0.5,0.35,,0.03,0.15,89600.0,0.03,0.06,0.09,0.11
402,HI2019,0.06,0.23,0.12,0.31,0.56,0.38,,0.04,0.16,93300.0,0.02,0.1,0.11,0.12
403,HI2020,,,,,,,,0.14,,,0.11,,,
404,HI2021,0.06,0.29,0.14,0.29,0.57,0.39,,0.09,0.13,93900.0,0.06,0.1,0.13,0.15
405,HI2022,0.07,0.27,0.13,0.29,0.57,0.38,0.28,0.04,0.16,103000.0,0.03,0.07,0.1,0.13
406,HI2023,0.05,0.26,0.11,0.32,0.58,0.35,,0.04,0.15,112400.0,0.03,0.07,0.11,0.14
407,HI2024,0.08,0.26,0.12,,,,,0.03,,109900.0,0.02,,,
408,IA2000,0.05,,0.13,0.07,,,0.23,,,,,,,
409,IA2001,0.04,,0.13,0.07,,,0.24,,,,,,,
410,IA2002,0.05,,0.14,0.07,,,0.28,,,,,,,
411,IA2003,0.05,,0.12,0.05,,,0.26,,,,,,,
412,IA2004,0.05,,0.12,0.06,,,0.25,,,,,,,
413,IA2005,0.06,0.18,0.14,0.07,,0.25,0.26,,,55000.0,,,,
414,IA2006,0.06,,0.14,0.06,0.76,0.26,0.27,,,55500.0,,,,
415,IA2007,0.06,,0.14,0.07,0.77,0.25,0.27,0.04,,59300.0,0.03,,,
416,IA2008,0.06,0.18,0.14,0.07,0.77,0.25,,0.05,0.2,60600.0,0.03,0.04,0.07,0.09
417,IA2009,0.06,,0.16,0.07,0.75,0.25,,0.08,0.22,59300.0,0.05,0.06,0.09,0.11
418,IA2010,0.07,0.24,0.16,0.07,0.74,0.27,,0.07,0.21,59500.0,0.05,0.06,0.09,0.12
419,IA2011,0.08,,0.17,0.08,0.74,0.26,,0.06,0.22,61300.0,0.05,0.06,0.09,0.12
420,IA2012,0.06,,0.16,0.07,0.72,0.23,,0.06,0.22,62200.0,0.04,0.05,0.09,0.12
421,IA2013,0.07,0.26,0.16,0.08,0.72,0.22,,0.06,0.22,65300.0,0.04,0.05,0.08,0.11
422,IA2014,0.07,0.25,0.15,0.08,0.72,0.22,,0.06,0.22,66900.0,0.04,0.05,0.09,0.12
423,IA2015,0.07,0.23,0.15,0.07,0.72,0.21,,0.05,0.22,68700.0,0.03,0.05,0.08,0.11
424,IA2016,0.06,0.23,0.15,0.09,0.71,0.2,,0.05,0.2,72200.0,0.03,0.04,0.07,0.09
425,IA2017,0.05,0.21,0.12,0.09,0.74,0.19,,0.04,0.21,74900.0,0.03,0.05,0.08,0.1
426,IA2018,0.05,0.21,0.14,0.08,0.73,0.19,,0.04,0.21,76700.0,0.03,0.05,0.08,0.1
427,IA2019,0.05,0.2,0.13,0.09,0.72,0.2,,0.05,0.21,77900.0,0.03,0.07,0.09,0.1
428,IA2020,,,,,,,,0.07,,,0.05,,,
429,IA2021,0.05,0.21,0.13,0.07,0.78,0.2,,0.05,0.18,85700.0,0.03,0.04,0.08,0.1
430,IA2022,0.06,0.17,0.12,0.08,0.78,0.2,0.18,0.02,0.19,94200.0,0.01,0.04,0.07,0.1
431,IA2023,0.05,0.19,0.14,0.1,0.78,0.2,,0.03,0.2,94100.0,0.02,0.05,0.07,0.1
432,IA2024,0.07,0.18,0.14,,,,,0.04,,96800.0,0.02,,,
433,ID2000,0.05,,0.14,0.12,,,0.3,,,,,,,
434,ID2001,0.06,,0.15,0.15,,,0.33,,,,,,,
435,ID2002,0.06,,0.16,0.11,,,0.32,,,,,,,
436,ID2003,0.06,,0.18,0.13,,,0.35,,,,,,,
437,ID2004,0.06,,0.2,0.11,,,0.36,,,,,,,
438,ID2005,0.07,0.17,0.18,0.11,,0.3,0.33,,,46300.0,,,,
439,ID2006,0.06,,0.15,0.11,0.71,0.31,0.31,,,49300.0,,,,
440,ID2007,0.06,,0.16,0.1,0.71,0.33,0.32,0.03,,52600.0,0.02,,,
441,ID2008,0.07,0.17,0.16,0.09,0.69,0.34,,0.06,0.26,51700.0,0.05,0.08,0.12,0.15
442,ID2009,0.07,,0.18,0.11,0.69,0.36,,0.11,0.25,50000.0,0.09,0.09,0.16,0.21
443,ID2010,0.07,0.26,0.19,0.12,0.7,0.36,,0.1,0.28,50200.0,0.08,0.11,0.14,0.18
444,ID2011,0.09,,0.2,0.13,0.67,0.34,,0.08,0.27,50900.0,0.07,0.09,0.16,0.21
445,ID2012,0.08,,0.21,0.11,0.64,0.32,,0.07,0.29,50700.0,0.05,0.09,0.13,0.17
446,ID2013,0.07,0.28,0.19,0.13,0.64,0.28,,0.07,0.3,52300.0,0.05,0.08,0.14,0.19
447,ID2014,0.07,0.27,0.19,0.12,0.65,0.28,,0.04,0.3,55800.0,0.03,0.07,0.13,0.18
448,ID2015,0.06,0.27,0.18,0.12,0.66,0.25,,0.04,0.29,57300.0,0.03,0.07,0.12,0.17
449,ID2016,0.07,0.25,0.18,0.12,0.66,0.23,,0.04,0.27,60100.0,0.03,0.07,0.12,0.16
450,ID2017,0.06,0.2,0.15,0.11,0.69,0.24,,0.03,0.26,63200.0,0.02,0.06,0.12,0.18
451,ID2018,0.06,0.2,0.14,0.13,0.69,0.24,,0.03,0.29,64600.0,0.02,0.09,0.12,0.15
452,ID2019,0.05,0.19,0.13,0.11,0.73,0.24,,0.02,0.27,72500.0,0.02,0.05,0.09,0.13
453,ID2020,,,,,,,,0.05,,,0.04,,,
454,ID2021,0.05,0.2,0.13,0.13,0.73,0.22,,0.03,0.23,80600.0,0.03,0.07,0.1,0.13
455,ID2022,0.06,0.17,0.13,0.13,0.74,0.25,0.23,0.02,0.21,87100.0,0.02,0.07,0.1,0.12
456,ID2023,0.04,0.17,0.11,0.13,0.75,0.27,,0.03,0.24,92300.0,0.03,0.08,0.11,0.13
457,ID2024,0.05,0.14,0.11,,,,,0.03,,100300.0,0.02,,,
458,IL2000,0.07,,0.15,0.13,,,0.29,,,,,,,
459,IL2001,0.07,,0.15,0.13,,,0.31,,,,,,,
460,IL2002,0.08,,0.16,0.12,,,0.31,,,,,,,
461,IL2003,0.08,,0.16,0.13,,,0.32,,,,,,,
462,IL2004,0.08,,0.17,0.11,,,0.32,,,,,,,
463,IL2005,0.08,0.18,0.16,0.11,,0.39,0.32,,,60400.0,,,,
464,IL2006,0.08,,0.17,0.1,0.7,0.41,0.31,,,62000.0,,,,
465,IL2007,0.08,,0.17,0.11,0.71,0.41,0.31,0.06,,63400.0,0.04,,,
466,IL2008,0.07,0.19,0.17,0.1,0.7,0.41,,0.08,0.19,66900.0,0.05,0.07,0.12,0.15
467,IL2009,0.09,,0.19,0.11,0.68,0.41,,0.12,0.19,63800.0,0.09,0.09,0.14,0.18
468,IL2010,0.09,0.25,0.19,0.11,0.67,0.42,,0.13,0.2,62300.0,0.1,0.08,0.14,0.18
469,IL2011,0.1,,0.22,0.12,0.65,0.42,,0.12,0.21,62200.0,0.09,0.08,0.13,0.18
470,IL2012,0.09,,0.21,0.12,0.65,0.38,,0.1,0.22,65700.0,0.08,0.07,0.13,0.18
471,IL2013,0.09,0.28,0.21,0.12,0.64,0.36,,0.11,0.22,66300.0,0.08,0.07,0.13,0.18
472,IL2014,0.09,0.29,0.2,0.12,0.63,0.34,,0.07,0.22,67500.0,0.05,0.07,0.13,0.17
473,IL2015,0.08,0.28,0.19,0.11,0.63,0.32,,0.06,0.22,70400.0,0.04,0.06,0.12,0.16
474,IL2016,0.08,0.26,0.18,0.11,0.65,0.31,,0.07,0.21,73500.0,0.05,0.07,0.11,0.14
475,IL2017,0.08,0.26,0.17,0.11,0.65,0.3,,0.06,0.2,75700.0,0.04,0.06,0.11,0.15
476,IL2018,0.07,0.24,0.16,0.1,0.66,0.29,,0.04,0.2,80000.0,0.03,0.06,0.1,0.14
477,IL2019,0.06,0.23,0.16,0.1,0.68,0.28,,0.05,0.21,86600.0,0.03,0.06,0.1,0.14
478,IL2020,,,,,,,,0.09,,,0.07,,,
479,IL2021,0.08,0.29,0.16,0.1,0.7,0.28,,0.06,0.17,90600.0,0.04,0.06,0.12,0.17
480,IL2022,0.08,0.28,0.16,0.1,0.71,0.28,0.26,0.05,0.19,95900.0,0.03,0.06,0.11,0.14
481,IL2023,0.07,0.27,0.15,0.1,0.72,0.26,,0.04,0.18,103600.0,0.03,0.05,0.1,0.13
482,IL2024,0.07,0.26,0.14,,,,,0.05,,107200.0,0.04,,,
483,IN2000,0.06,,0.14,0.11,,,0.27,,,,,,,
484,IN2001,0.06,,0.13,0.06,,,0.27,,,,,,,
485,IN2002,0.07,,0.15,0.08,,,0.3,,,,,,,
486,IN2003,0.06,,0.14,0.08,,,0.3,,,,,,,
487,IN2004,0.06,,0.15,0.09,,,0.33,,,,,,,
488,IN2005,0.08,0.19,0.17,0.07,,0.29,0.32,,,52700.0,,,,
489,IN2006,0.08,,0.18,0.07,0.72,0.3,0.32,,,53900.0,,,,
490,IN2007,0.08,,0.17,0.07,0.72,0.29,0.32,0.05,,55800.0,0.04,,,
491,IN2008,0.08,0.2,0.18,0.08,0.72,0.31,,0.06,0.21,56700.0,0.05,0.08,0.12,0.16
492,IN2009,0.09,,0.2,0.08,0.68,0.31,,0.13,0.21,54100.0,0.09,0.09,0.15,0.2
493,IN2010,0.1,0.26,0.22,0.09,0.68,0.32,,0.13,0.23,51800.0,0.1,0.08,0.14,0.2
494,IN2011,0.12,,0.23,0.09,0.68,0.31,,0.11,0.22,54200.0,0.09,0.09,0.15,0.2
495,IN2012,0.1,,0.22,0.09,0.66,0.28,,0.11,0.24,55700.0,0.08,0.08,0.13,0.18
496,IN2013,0.1,0.28,0.22,0.09,0.66,0.28,,0.08,0.24,56000.0,0.06,0.07,0.13,0.18
497,IN2014,0.09,0.28,0.22,0.09,0.66,0.27,,0.06,0.25,56800.0,0.05,0.07,0.13,0.17
498,IN2015,0.09,0.26,0.21,0.09,0.65,0.25,,0.05,0.24,60900.0,0.04,0.06,0.12,0.16
499,IN2016,0.09,0.25,0.2,0.09,0.66,0.24,,0.04,0.24,63400.0,0.03,0.07,0.11,0.14
500,IN2017,0.08,0.22,0.18,0.08,0.68,0.23,,0.04,0.22,66100.0,0.03,0.07,0.12,0.15
501,IN2018,0.08,0.21,0.18,0.09,0.68,0.22,,0.03,0.23,67800.0,0.03,0.06,0.1,0.14
502,IN2019,0.07,0.2,0.15,0.08,0.7,0.21,,0.03,0.22,71100.0,0.02,0.07,0.11,0.14
503,IN2020,,,,,,,,0.07,,,0.05,,,
504,IN2021,0.08,0.22,0.16,0.09,0.72,0.21,,0.04,0.2,77800.0,0.03,0.06,0.11,0.15
505,IN2022,0.08,0.2,0.16,0.09,0.73,0.22,0.25,0.03,0.21,83500.0,0.02,0.05,0.1,0.14
506,IN2023,0.07,0.19,0.15,0.09,0.74,0.23,,0.04,0.22,87800.0,0.03,0.05,0.09,0.12
507,IN2024,0.08,0.2,0.16,,,,,0.03,,90000.0,0.02,,,
508,KS2000,0.04,,0.12,0.08,,,0.22,,,,,,,
509,KS2001,0.05,,0.13,0.07,,,0.23,,,,,,,
510,KS2002,0.07,,0.16,0.08,,,0.29,,,,,,,
511,KS2003,0.07,,0.14,0.09,,,0.27,,,,,,,
512,KS2004,0.04,,0.12,0.05,,,0.27,,,,,,,
513,KS2005,0.06,0.15,0.15,0.08,,0.26,0.28,,,51700.0,,,,
514,KS2006,0.06,,0.16,0.07,0.71,0.28,0.28,,,54300.0,,,,
515,KS2007,0.06,,0.15,0.08,0.73,0.26,0.27,0.05,,58900.0,0.03,,,
516,KS2008,0.06,0.15,0.15,0.07,0.72,0.28,,0.06,0.23,59500.0,0.04,0.05,0.08,0.11
517,KS2009,0.07,,0.18,0.1,0.69,0.27,,0.08,0.24,56800.0,0.06,0.07,0.11,0.14
518,KS2010,0.08,0.2,0.18,0.08,0.68,0.3,,0.09,0.23,57400.0,0.07,0.06,0.1,0.13
519,KS2011,0.07,,0.19,0.1,0.68,0.3,,0.08,0.24,58900.0,0.06,0.06,0.11,0.15
520,KS2012,0.07,,0.19,0.1,0.67,0.27,,0.06,0.26,60300.0,0.04,0.07,0.1,0.13
521,KS2013,0.07,0.22,0.19,0.09,0.65,0.27,,0.06,0.23,62600.0,0.04,0.06,0.1,0.13
522,KS2014,0.08,0.21,0.18,0.09,0.66,0.26,,0.05,0.23,63100.0,0.04,0.06,0.11,0.14
523,KS2015,0.07,0.2,0.17,0.09,0.67,0.24,,0.04,0.24,65900.0,0.03,0.05,0.11,0.15
524,KS2016,0.06,0.17,0.14,0.09,0.65,0.21,,0.04,0.24,67600.0,0.03,0.06,0.1,0.12
525,KS2017,0.06,0.17,0.15,0.11,0.67,0.22,,0.04,0.24,68900.0,0.03,0.05,0.09,0.13
526,KS2018,0.06,0.17,0.15,0.09,0.69,0.22,,0.04,0.23,72500.0,0.03,0.06,0.08,0.1
527,KS2019,0.06,0.14,0.15,0.08,0.69,0.22,,0.02,0.23,75700.0,0.02,0.05,0.09,0.12
528,KS2020,,,,,,,,0.06,,,0.04,,,
529,KS2021,0.06,0.16,0.13,0.09,0.7,0.2,,0.03,0.2,83400.0,0.03,0.06,0.1,0.14
530,KS2022,0.06,0.15,0.14,0.09,0.73,0.23,0.2,0.03,0.21,90700.0,0.02,0.06,0.1,0.12
531,KS2023,0.06,0.15,0.13,0.09,0.72,0.21,,0.03,0.21,90600.0,0.02,0.05,0.08,0.1
532,KS2024,0.06,0.14,0.13,,,,,0.02,,100700.0,0.02,,,
533,KY2000,0.09,,0.22,0.09,,,0.34,,,,,,,
534,KY2001,0.08,,0.19,0.07,,,0.33,,,,,,,
535,KY2002,0.09,,0.21,0.07,,,0.35,,,,,,,
536,KY2003,0.11,,0.24,0.08,,,0.39,,,,,,,
537,KY2004,0.11,,0.25,0.07,,,0.38,,,,,,,
538,KY2005,0.11,0.26,0.22,0.08,,0.27,0.38,,,45300.0,,,,
539,KY2006,0.1,,0.23,0.07,0.68,0.28,0.37,,,47600.0,,,,
540,KY2007,0.11,,0.24,0.08,0.66,0.29,0.38,0.06,,48500.0,0.04,,,
541,KY2008,0.12,0.28,0.23,0.07,0.66,0.29,,0.08,0.21,50700.0,0.06,0.1,0.16,0.21
542,KY2009,0.12,,0.26,0.09,0.63,0.31,,0.12,0.22,47800.0,0.1,0.1,0.18,0.24
543,KY2010,0.13,0.32,0.26,0.09,0.63,0.32,,0.13,0.22,48300.0,0.1,0.11,0.18,0.24
544,KY2011,0.13,,0.27,0.09,0.64,0.32,,0.1,0.23,50400.0,0.08,0.08,0.16,0.22
545,KY2012,0.12,,0.27,0.09,0.62,0.29,,0.11,0.23,51400.0,0.08,0.09,0.17,0.23
546,KY2013,0.11,0.33,0.25,0.08,0.63,0.27,,0.09,0.23,52500.0,0.07,0.08,0.15,0.2
547,KY2014,0.12,0.33,0.26,0.11,0.61,0.28,,0.07,0.24,51900.0,0.06,0.08,0.15,0.2
548,KY2015,0.12,0.32,0.26,0.1,0.6,0.26,,0.05,0.24,53600.0,0.04,0.09,0.13,0.17
549,KY2016,0.12,0.29,0.25,0.1,0.62,0.26,,0.06,0.25,56300.0,0.05,0.08,0.14,0.18
550,KY2017,0.11,0.28,0.22,0.1,0.64,0.23,,0.06,0.23,61400.0,0.05,0.07,0.13,0.19
551,KY2018,0.11,0.27,0.23,0.09,0.64,0.25,,0.05,0.24,62000.0,0.04,0.08,0.14,0.18
552,KY2019,0.11,0.26,0.22,0.11,0.63,0.23,,0.04,0.23,65100.0,0.03,0.08,0.13,0.18
553,KY2020,,,,,,,,0.07,,,0.06,,,
554,KY2021,0.12,0.31,0.22,0.1,0.68,0.24,,0.05,0.21,69200.0,0.04,0.09,0.15,0.19
555,KY2022,0.1,0.28,0.21,0.09,0.69,0.23,0.28,0.05,0.24,76300.0,0.03,0.08,0.14,0.18
556,KY2023,0.11,0.27,0.21,0.09,0.68,0.23,,0.05,0.24,77800.0,0.04,0.06,0.12,0.17
557,KY2024,0.1,0.26,0.19,,,,,0.06,,83600.0,0.04,,,
558,LA2000,0.11,,0.27,0.13,,,0.39,,,,,,,
559,LA2001,0.14,,0.27,0.17,,,0.39,,,,,,,
560,LA2002,0.11,,0.27,0.13,,,0.39,,,,,,,
561,LA2003,0.15,,0.3,0.14,,,0.4,,,,,,,
562,LA2004,0.15,,0.3,0.14,,,0.4,,,,,,,
563,LA2005,0.13,0.36,0.28,0.14,,0.31,0.42,,,43300.0,,,,
564,LA2006,0.13,,0.28,0.14,0.65,0.32,0.43,,,46200.0,,,,
565,LA2007,0.12,,0.27,0.13,0.65,0.31,0.4,0.05,,47800.0,0.04,,,
566,LA2008,0.11,0.32,0.25,0.12,0.64,0.31,,0.05,0.24,51400.0,0.04,0.11,0.16,0.21
567,LA2009,0.11,,0.24,0.12,0.64,0.31,,0.05,0.22,51900.0,0.05,0.11,0.17,0.22
568,LA2010,0.12,0.35,0.27,0.14,0.61,0.32,,0.07,0.23,49600.0,0.06,0.14,0.2,0.24
569,LA2011,0.14,,0.29,0.13,0.61,0.33,,0.08,0.25,51300.0,0.06,0.12,0.18,0.23
570,LA2012,0.13,,0.28,0.11,0.59,0.32,,0.07,0.26,50900.0,0.06,0.11,0.17,0.22
571,LA2013,0.14,0.35,0.28,0.12,0.6,0.31,,0.08,0.25,52300.0,0.06,0.12,0.2,0.25
572,LA2014,0.14,0.34,0.28,0.12,0.57,0.32,,0.08,0.26,52100.0,0.06,0.11,0.18,0.22
573,LA2015,0.14,0.33,0.28,0.12,0.58,0.32,,0.07,0.26,54800.0,0.05,0.11,0.17,0.21
574,LA2016,0.12,0.35,0.29,0.12,0.59,0.31,,0.08,0.25,54300.0,0.06,0.11,0.17,0.21
575,LA2017,0.14,0.35,0.28,0.12,0.59,0.3,,0.05,0.26,57200.0,0.04,0.1,0.17,0.22
576,LA2018,0.12,0.31,0.26,0.11,0.59,0.31,,0.05,0.27,58100.0,0.04,0.11,0.17,0.22
577,LA2019,0.13,0.3,0.27,0.12,0.62,0.29,,0.05,0.25,61300.0,0.04,0.09,0.14,0.18
578,LA2020,,,,,,,,0.08,,,0.07,,,
579,LA2021,0.14,0.39,0.27,0.12,0.62,0.3,,0.06,0.23,64200.0,0.04,0.11,0.18,0.24
580,LA2022,0.11,0.36,0.25,0.1,0.65,0.31,0.3,0.04,0.27,71800.0,0.03,0.09,0.15,0.2
581,LA2023,0.13,0.35,0.25,0.1,0.65,0.31,,0.04,0.26,73100.0,0.03,0.09,0.15,0.19
582,LA2024,0.13,0.32,0.25,,,,,0.05,,77700.0,0.04,,,
583,MA2000,0.08,,0.14,0.1,,,0.31,,,,,,,
584,MA2001,0.05,,0.12,0.08,,,0.28,,,,,,,
585,MA2002,0.07,,0.12,0.06,,,0.3,,,,,,,
586,MA2003,0.06,,0.12,0.07,,,0.31,,,,,,,
587,MA2004,0.06,,0.13,0.06,,,0.31,,,,,,,
588,MA2005,0.07,0.13,0.14,0.07,,0.4,0.31,,,72300.0,,,,
589,MA2006,0.06,,0.12,0.06,0.71,0.44,0.3,,,76500.0,,,,
590,MA2007,0.06,,0.13,0.05,0.71,0.42,0.32,0.05,,80000.0,0.04,,,
591,MA2008,0.05,0.16,0.12,0.07,0.7,0.42,,0.06,0.12,80300.0,0.05,0.05,0.09,0.12
592,MA2009,0.06,,0.13,0.06,0.69,0.4,,0.09,0.12,83300.0,0.06,0.06,0.11,0.14
593,MA2010,0.07,0.22,0.14,0.06,0.67,0.39,,0.09,0.13,80500.0,0.07,0.05,0.1,0.14
594,MA2011,0.07,,0.15,0.07,0.66,0.41,,0.08,0.14,81300.0,0.06,0.05,0.1,0.13
595,MA2012,0.07,,0.15,0.07,0.65,0.36,,0.08,0.14,83700.0,0.06,0.05,0.09,0.13
596,MA2013,0.08,0.24,0.16,0.07,0.64,0.36,,0.07,0.14,85400.0,0.05,0.05,0.09,0.13
597,MA2014,0.07,0.23,0.15,0.08,0.64,0.34,,0.07,0.15,89300.0,0.05,0.05,0.08,0.11
598,MA2015,0.07,0.22,0.15,0.08,0.64,0.34,,0.06,0.15,92000.0,0.05,0.04,0.08,0.11
599,MA2016,0.07,0.21,0.14,0.07,0.65,0.31,,0.04,0.13,98400.0,0.03,0.04,0.07,0.1
600,MA2017,0.07,0.21,0.14,0.08,0.65,0.32,,0.04,0.13,101200.0,0.03,0.04,0.07,0.1
601,MA2018,0.06,0.21,0.12,0.08,0.65,0.31,,0.04,0.13,104500.0,0.02,0.05,0.07,0.09
602,MA2019,0.06,0.2,0.12,0.09,0.66,0.31,,0.04,0.13,111800.0,0.02,0.04,0.07,0.09
603,MA2020,,,,,,,,0.12,,,0.08,,,
604,MA2021,0.07,0.28,0.13,0.08,0.68,0.3,,0.07,0.1,119100.0,0.04,0.05,0.08,0.1
605,MA2022,0.06,0.26,0.12,0.08,0.68,0.32,0.24,0.03,0.13,122000.0,0.02,0.04,0.07,0.1
606,MA2023,0.06,0.27,0.13,0.09,0.67,0.34,,0.04,0.14,130200.0,0.03,0.05,0.07,0.09
607,MA2024,0.06,0.25,0.11,,,,,0.03,,137300.0,0.02,,,
608,MD2000,0.06,,0.13,0.09,,,0.28,,,,,,,
609,MD2001,0.05,,0.11,0.09,,,0.24,,,,,,,
610,MD2002,0.05,,0.11,0.09,,,0.28,,,,,,,
611,MD2003,0.05,,0.1,0.08,,,0.27,,,,,,,
612,MD2004,0.05,,0.11,0.07,,,0.28,,,,,,,
613,MD2005,0.05,0.11,0.11,0.08,,0.35,0.28,,,74700.0,,,,
614,MD2006,0.05,,0.1,0.07,0.7,0.36,0.28,,,77200.0,,,,
615,MD2007,0.05,,0.1,0.07,0.71,0.4,0.28,0.04,,80300.0,0.03,,,
616,MD2008,0.05,0.13,0.1,0.07,0.7,0.41,,0.05,0.14,82900.0,0.04,0.08,0.12,0.15
617,MD2009,0.05,,0.12,0.07,0.68,0.42,,0.08,0.13,82200.0,0.06,0.08,0.14,0.18
618,MD2010,0.07,0.2,0.13,0.08,0.66,0.42,,0.08,0.14,80800.0,0.06,0.08,0.13,0.16
619,MD2011,0.07,,0.14,0.1,0.64,0.41,,0.09,0.14,81500.0,0.07,0.08,0.13,0.18
620,MD2012,0.07,,0.14,0.08,0.63,0.37,,0.09,0.14,82600.0,0.07,0.08,0.13,0.17
621,MD2013,0.07,0.23,0.14,0.08,0.64,0.35,,0.08,0.15,83700.0,0.05,0.07,0.12,0.16
622,MD2014,0.06,0.24,0.13,0.11,0.62,0.36,,0.06,0.16,87800.0,0.05,0.08,0.13,0.17
623,MD2015,0.06,0.24,0.13,0.1,0.61,0.34,,0.06,0.15,88900.0,0.04,0.07,0.11,0.14
624,MD2016,0.06,0.23,0.13,0.09,0.63,0.33,,0.04,0.15,91700.0,0.03,0.06,0.11,0.15
625,MD2017,0.06,0.21,0.12,0.09,0.64,0.32,,0.05,0.15,97700.0,0.04,0.06,0.11,0.14
626,MD2018,0.06,0.19,0.12,0.09,0.66,0.31,,0.06,0.15,100300.0,0.04,0.06,0.11,0.15
627,MD2019,0.06,0.19,0.12,0.1,0.64,0.31,,0.05,0.15,103600.0,0.03,0.07,0.1,0.13
628,MD2020,,,,,,,,0.05,,,0.04,,,
629,MD2021,0.06,0.27,0.14,0.11,0.67,0.31,,0.08,0.13,110000.0,0.05,0.06,0.11,0.16
630,MD2022,0.05,0.23,0.12,0.11,0.68,0.3,0.22,0.03,0.16,114400.0,0.01,0.06,0.1,0.13
631,MD2023,0.06,0.2,0.11,0.11,0.68,0.29,,0.03,0.15,120100.0,0.02,0.06,0.1,0.14
632,MD2024,0.05,0.2,0.11,,,,,0.04,,129100.0,0.03,,,
633,ME2000,0.05,,0.12,0.03,,,0.34,,,,,,,
634,ME2001,0.05,,0.11,0.05,,,0.29,,,,,,,
635,ME2002,0.07,,0.16,0.05,,,0.33,,,,,,,
636,ME2003,0.05,,0.13,0.06,,,0.31,,,,,,,
637,ME2004,0.1,,0.17,0.04,,,0.32,,,,,,,
638,ME2005,0.07,0.23,0.17,0.07,,0.33,0.35,,,51700.0,,,,
639,ME2006,0.08,,0.18,0.06,0.74,0.34,0.34,,,51500.0,,,,
640,ME2007,0.07,,0.15,0.06,0.76,0.34,0.33,0.05,,55200.0,0.04,,,
641,ME2008,0.07,0.24,0.16,0.04,0.74,0.38,,0.06,0.2,54700.0,0.04,0.08,0.13,0.17
642,ME2009,0.07,,0.17,0.06,0.74,0.38,,0.1,0.2,52800.0,0.07,0.07,0.12,0.17
643,ME2010,0.06,0.33,0.18,0.07,0.73,0.33,,0.09,0.2,54500.0,0.07,0.07,0.13,0.18
644,ME2011,0.07,,0.19,0.06,0.71,0.38,,0.08,0.21,53600.0,0.07,0.06,0.13,0.19
645,ME2012,0.08,,0.21,0.08,0.69,0.36,,0.08,0.22,53400.0,0.06,0.08,0.12,0.16
646,ME2013,0.07,0.33,0.18,0.06,0.69,0.31,,0.07,0.22,53100.0,0.05,0.06,0.11,0.15
647,ME2014,0.09,0.3,0.19,0.08,0.71,0.33,,0.07,0.21,57500.0,0.04,0.06,0.11,0.15
648,ME2015,0.08,0.28,0.17,0.07,0.73,0.3,,0.03,0.2,60500.0,0.03,0.07,0.1,0.13
649,ME2016,0.07,0.26,0.17,0.09,0.71,0.27,,0.05,0.2,70500.0,0.04,0.06,0.1,0.14
650,ME2017,0.06,0.23,0.13,0.07,0.74,0.2,,0.02,0.16,73500.0,0.02,0.05,0.09,0.14
651,ME2018,0.06,0.24,0.14,0.08,0.73,0.22,,0.02,0.2,70400.0,0.02,0.06,0.09,0.11
652,ME2019,0.05,0.23,0.14,0.09,0.73,0.23,,0.03,0.19,75600.0,0.02,0.05,0.08,0.12
653,ME2020,,,,,,,,0.06,,,0.04,,,
654,ME2021,0.07,0.22,0.15,0.06,0.79,0.23,,0.07,0.15,84800.0,0.04,0.06,0.11,0.16
655,ME2022,0.05,0.21,0.12,0.07,0.77,0.21,0.24,0.04,0.18,89900.0,0.03,0.06,0.1,0.13
656,ME2023,0.07,0.23,0.13,0.08,0.77,0.26,,0.02,0.17,90500.0,0.02,0.05,0.08,0.11
657,ME2024,0.07,0.24,0.13,,,,,0.04,,105300.0,0.03,,,
658,MI2000,0.05,,0.14,0.09,,,0.31,,,,,,,
659,MI2001,0.06,,0.15,0.09,,,0.31,,,,,,,
660,MI2002,0.07,,0.16,0.1,,,0.34,,,,,,,
661,MI2003,0.07,,0.16,0.11,,,0.34,,,,,,,
662,MI2004,0.08,,0.18,0.09,,,0.34,,,,,,,
663,MI2005,0.08,0.21,0.19,0.08,,0.36,0.35,,,57000.0,,,,
664,MI2006,0.08,,0.18,0.08,0.76,0.37,0.35,,,57600.0,,,,
665,MI2007,0.1,,0.19,0.08,0.74,0.39,0.36,0.07,,57900.0,0.05,,,
666,MI2008,0.09,0.25,0.19,0.08,0.73,0.38,,0.08,0.19,60000.0,0.07,0.08,0.13,0.17
667,MI2009,0.11,,0.23,0.08,0.71,0.39,,0.15,0.2,55300.0,0.11,0.09,0.15,0.2
668,MI2010,0.11,0.33,0.23,0.08,0.7,0.39,,0.12,0.2,54100.0,0.1,0.09,0.15,0.21
669,MI2011,0.12,,0.25,0.09,0.69,0.37,,0.11,0.21,56600.0,0.09,0.09,0.15,0.2
670,MI2012,0.12,,0.25,0.08,0.68,0.34,,0.1,0.22,56800.0,0.07,0.08,0.14,0.19
671,MI2013,0.12,0.33,0.24,0.09,0.68,0.32,,0.09,0.22,58600.0,0.07,0.08,0.14,0.19
672,MI2014,0.11,0.31,0.23,0.09,0.68,0.3,,0.07,0.22,60600.0,0.05,0.06,0.13,0.18
673,MI2015,0.1,0.3,0.22,0.09,0.69,0.28,,0.05,0.23,61600.0,0.04,0.07,0.13,0.17
674,MI2016,0.09,0.28,0.21,0.09,0.69,0.26,,0.05,0.22,65000.0,0.04,0.07,0.12,0.15
675,MI2017,0.09,0.26,0.2,0.09,0.7,0.25,,0.06,0.21,67000.0,0.04,0.06,0.11,0.15
676,MI2018,0.09,0.25,0.19,0.09,0.71,0.25,,0.05,0.22,69800.0,0.03,0.07,0.11,0.14
677,MI2019,0.08,0.23,0.18,0.09,0.72,0.24,,0.04,0.22,73700.0,0.03,0.06,0.1,0.13
678,MI2020,,,,,,,,0.1,,,0.08,,,
679,MI2021,0.09,0.29,0.18,0.1,0.74,0.25,,0.06,0.17,79700.0,0.05,0.07,0.12,0.15
680,MI2022,0.09,0.28,0.18,0.09,0.75,0.25,0.27,0.05,0.19,86000.0,0.03,0.07,0.11,0.14
681,MI2023,0.09,0.27,0.18,0.09,0.77,0.25,,0.03,0.2,88800.0,0.02,0.07,0.11,0.15
682,MI2024,0.09,0.26,0.18,,,,,0.04,,94100.0,0.03,,,
683,MN2000,0.03,,0.09,0.13,,,0.23,,,,,,,
684,MN2001,0.04,,0.11,0.08,,,0.26,,,,,,,
685,MN2002,0.06,,0.12,0.09,,,0.26,,,,,,,
686,MN2003,0.05,,0.09,0.09,,,0.26,,,,,,,
687,MN2004,0.04,,0.11,0.09,,,0.29,,,,,,,
688,MN2005,0.05,0.12,0.12,0.08,,0.32,0.27,,,65200.0,,,,
689,MN2006,0.06,,0.12,0.08,0.81,0.34,0.28,,,67000.0,,,,
690,MN2007,0.05,,0.12,0.08,0.8,0.34,0.28,0.05,,70200.0,0.04,,,
691,MN2008,0.05,0.13,0.11,0.08,0.8,0.34,,0.07,0.17,72000.0,0.05,0.04,0.08,0.11
692,MN2009,0.06,,0.14,0.08,0.77,0.34,,0.1,0.17,69700.0,0.07,0.06,0.11,0.14
693,MN2010,0.06,0.18,0.15,0.09,0.75,0.34,,0.09,0.17,69600.0,0.07,0.05,0.1,0.14
694,MN2011,0.06,,0.15,0.1,0.74,0.32,,0.08,0.18,71100.0,0.06,0.05,0.1,0.14
695,MN2012,0.06,,0.15,0.09,0.72,0.29,,0.06,0.18,73900.0,0.05,0.05,0.09,0.12
696,MN2013,0.06,0.19,0.14,0.1,0.73,0.26,,0.06,0.18,75300.0,0.04,0.05,0.09,0.12
697,MN2014,0.06,0.2,0.15,0.11,0.73,0.25,,0.03,0.18,79200.0,0.03,0.04,0.08,0.12
698,MN2015,0.05,0.19,0.13,0.1,0.72,0.24,,0.04,0.18,80300.0,0.03,0.04,0.08,0.1
699,MN2016,0.06,0.18,0.13,0.1,0.74,0.22,,0.05,0.17,85100.0,0.03,0.05,0.07,0.09
700,MN2017,0.05,0.17,0.12,0.1,0.74,0.22,,0.04,0.16,89700.0,0.03,0.04,0.06,0.08
701,MN2018,0.05,0.17,0.12,0.11,0.75,0.21,,0.03,0.17,92900.0,0.02,0.04,0.07,0.1
702,MN2019,0.05,0.16,0.11,0.1,0.76,0.21,,0.03,0.15,97200.0,0.02,0.04,0.07,0.09
703,MN2020,,,,,,,,0.06,,,0.04,,,
704,MN2021,0.05,0.19,0.11,0.1,0.79,0.21,,0.04,0.14,103700.0,0.03,0.05,0.09,0.12
705,MN2022,0.05,0.18,0.11,0.1,0.79,0.22,0.2,0.03,0.14,110100.0,0.02,0.05,0.08,0.1
706,MN2023,0.05,0.17,0.1,0.11,0.79,0.23,,0.03,0.15,116100.0,0.02,0.04,0.07,0.1
707,MN2024,0.05,0.17,0.1,,,,,0.03,,121000.0,0.02,,,
708,MO2000,0.05,,0.16,0.09,,,0.31,,,,,,,
709,MO2001,0.07,,0.16,0.1,,,0.3,,,,,,,
710,MO2002,0.08,,0.17,0.1,,,0.29,,,,,,,
711,MO2003,0.06,,0.16,0.09,,,0.29,,,,,,,
712,MO2004,0.08,,0.16,0.07,,,0.31,,,,,,,
713,MO2005,0.08,0.23,0.19,0.07,,0.29,0.33,,,51000.0,,,,
714,MO2006,0.09,,0.19,0.09,0.7,0.31,0.32,,,51000.0,,,,
715,MO2007,0.08,,0.18,0.08,0.71,0.31,0.31,0.06,,54300.0,0.04,,,
716,MO2008,0.08,0.24,0.19,0.08,0.7,0.29,,0.07,0.22,56600.0,0.06,0.08,0.12,0.15
717,MO2009,0.1,,0.21,0.08,0.67,0.32,,0.1,0.22,53200.0,0.08,0.09,0.14,0.18
718,MO2010,0.1,0.29,0.21,0.09,0.66,0.33,,0.11,0.23,53400.0,0.08,0.09,0.14,0.19
719,MO2011,0.1,,0.22,0.08,0.66,0.31,,0.09,0.22,54300.0,0.07,0.08,0.14,0.19
720,MO2012,0.11,,0.23,0.08,0.65,0.31,,0.07,0.24,54900.0,0.05,0.08,0.13,0.17
721,MO2013,0.1,0.29,0.22,0.08,0.64,0.3,,0.07,0.25,56400.0,0.05,0.07,0.12,0.16
722,MO2014,0.1,0.27,0.21,0.09,0.64,0.28,,0.06,0.23,59800.0,0.05,0.07,0.12,0.16
723,MO2015,0.09,0.26,0.2,0.08,0.63,0.26,,0.06,0.24,61300.0,0.04,0.07,0.11,0.15
724,MO2016,0.09,0.24,0.19,0.09,0.64,0.24,,0.05,0.24,63900.0,0.04,0.05,0.11,0.15
725,MO2017,0.08,0.24,0.19,0.09,0.65,0.24,,0.04,0.23,66000.0,0.03,0.06,0.1,0.13
726,MO2018,0.08,0.24,0.18,0.1,0.65,0.23,,0.04,0.23,67300.0,0.03,0.07,0.11,0.14
727,MO2019,0.08,0.22,0.17,0.1,0.67,0.22,,0.03,0.23,72100.0,0.03,0.07,0.11,0.14
728,MO2020,,,,,,,,0.06,,,0.05,,,
729,MO2021,0.07,0.22,0.16,0.08,0.7,0.22,,0.04,0.2,78800.0,0.03,0.07,0.1,0.13
730,MO2022,0.08,0.22,0.17,0.09,0.71,0.22,0.25,0.03,0.22,82500.0,0.02,0.07,0.1,0.12
731,MO2023,0.06,0.2,0.14,0.1,0.72,0.22,,0.03,0.21,90800.0,0.02,0.06,0.1,0.13
732,MO2024,0.07,0.19,0.15,,,,,0.03,,94800.0,0.02,,,
733,MS2000,0.11,,0.26,0.11,,,0.36,,,,,,,
734,MS2001,0.12,,0.26,0.13,,,0.4,,,,,,,
735,MS2002,0.14,,0.29,0.13,,,0.4,,,,,,,
736,MS2003,0.13,,0.29,0.13,,,0.41,,,,,,,
737,MS2004,0.13,,0.31,0.13,,,0.39,,,,,,,
738,MS2005,0.15,0.33,0.31,0.14,,0.34,0.43,,,37400.0,,,,
739,MS2006,0.14,,0.3,0.15,0.65,0.33,0.42,,,39500.0,,,,
740,MS2007,0.14,,0.29,0.11,0.64,0.32,0.43,0.07,,42300.0,0.05,,,
741,MS2008,0.14,0.3,0.3,0.12,0.64,0.34,,0.08,0.28,42900.0,0.05,0.09,0.15,0.2
742,MS2009,0.14,,0.31,0.12,0.63,0.35,,0.11,0.27,42800.0,0.08,0.12,0.18,0.24
743,MS2010,0.15,0.38,0.33,0.15,0.61,0.35,,0.12,0.27,41500.0,0.1,0.13,0.21,0.27
744,MS2011,0.15,,0.32,0.12,0.6,0.37,,0.13,0.29,42400.0,0.1,0.12,0.19,0.26
745,MS2012,0.16,,0.35,0.12,0.58,0.35,,0.13,0.29,40900.0,0.09,0.12,0.19,0.25
746,MS2013,0.17,0.41,0.34,0.13,0.58,0.33,,0.09,0.29,42400.0,0.07,0.12,0.19,0.24
747,MS2014,0.15,0.37,0.29,0.13,0.6,0.31,,0.08,0.28,46200.0,0.07,0.1,0.17,0.23
748,MS2015,0.17,0.38,0.31,0.13,0.57,0.31,,0.07,0.29,44900.0,0.06,0.1,0.17,0.23
749,MS2016,0.14,0.35,0.3,0.11,0.59,0.28,,0.06,0.28,47700.0,0.05,0.09,0.15,0.21
750,MS2017,0.13,0.35,0.27,0.13,0.59,0.26,,0.05,0.27,51700.0,0.04,0.08,0.16,0.23
751,MS2018,0.14,0.33,0.28,0.12,0.6,0.27,,0.04,0.27,54900.0,0.04,0.1,0.16,0.21
752,MS2019,0.12,0.29,0.28,0.12,0.62,0.26,,0.06,0.29,53100.0,0.04,0.1,0.16,0.21
753,MS2020,,,,,,,,0.08,,,0.07,,,
754,MS2021,0.14,0.31,0.28,0.1,0.63,0.28,,0.05,0.24,61000.0,0.04,0.07,0.15,0.22
755,MS2022,0.13,0.31,0.26,0.11,0.65,0.29,0.32,0.04,0.28,63900.0,0.03,0.1,0.15,0.2
756,MS2023,0.11,0.28,0.23,0.11,0.69,0.25,,0.02,0.29,69500.0,0.02,0.08,0.14,0.2
757,MS2024,0.13,0.27,0.25,,,,,0.02,,73300.0,0.02,,,
758,MT2000,0.04,,0.17,0.08,,,0.3,,,,,,,
759,MT2001,0.09,,0.2,0.11,,,0.38,,,,,,,
760,MT2002,0.07,,0.2,0.13,,,0.35,,,,,,,
761,MT2003,0.07,,0.18,0.1,,,0.32,,,,,,,
762,MT2004,0.07,,0.19,0.09,,,0.33,,,,,,,
763,MT2005,0.07,0.19,0.2,0.11,,0.3,0.36,,,44800.0,,,,
764,MT2006,0.08,,0.17,0.08,0.7,0.29,0.33,,,49500.0,,,,
765,MT2007,0.07,,0.18,0.09,0.69,0.29,0.34,0.05,,49900.0,0.03,,,
766,MT2008,0.08,0.2,0.21,0.09,0.67,0.28,,0.06,0.23,55200.0,0.04,0.1,0.12,0.14
767,MT2009,0.11,,0.21,0.09,0.66,0.3,,0.08,0.24,51700.0,0.06,0.11,0.14,0.16
768,MT2010,0.1,0.22,0.2,0.11,0.67,0.3,,0.08,0.24,54000.0,0.06,0.09,0.14,0.17
769,MT2011,0.08,,0.2,0.1,0.68,0.32,,0.08,0.26,53400.0,0.06,0.07,0.13,0.18
770,MT2012,0.08,,0.2,0.12,0.63,0.31,,0.08,0.26,54900.0,0.06,0.1,0.14,0.17
771,MT2013,0.09,0.26,0.21,0.12,0.63,0.26,,0.05,0.25,56300.0,0.04,0.07,0.13,0.18
772,MT2014,0.08,0.25,0.19,0.11,0.6,0.27,,0.05,0.25,60400.0,0.04,0.07,0.13,0.17
773,MT2015,0.08,0.22,0.19,0.11,0.65,0.26,,0.04,0.22,64500.0,0.03,0.07,0.13,0.18
774,MT2016,0.07,0.22,0.15,0.12,0.68,0.24,,0.04,0.24,68400.0,0.03,0.07,0.11,0.13
775,MT2017,0.07,0.21,0.15,0.11,0.7,0.22,,0.05,0.22,70300.0,0.04,0.07,0.1,0.13
776,MT2018,0.07,0.21,0.16,0.1,0.67,0.24,,0.03,0.25,67700.0,0.03,0.09,0.1,0.11
777,MT2019,0.06,0.2,0.15,0.11,0.72,0.23,,0.04,0.21,71600.0,0.03,0.07,0.1,0.12
778,MT2020,,,,,,,,0.07,,,0.05,,,
779,MT2021,0.07,0.19,0.14,0.09,0.74,0.22,,0.04,0.21,81900.0,0.02,0.06,0.11,0.15
780,MT2022,0.06,0.16,0.13,0.1,0.73,0.21,0.25,0.03,0.19,85400.0,0.02,0.08,0.1,0.11
781,MT2023,0.06,0.17,0.12,0.1,0.72,0.25,,0.03,0.2,95000.0,0.02,0.07,0.1,0.12
782,MT2024,0.05,0.18,0.11,,,,,0.03,,100200.0,0.02,,,
783,NC2000,0.08,,0.19,0.12,,,0.35,,,,,,,
784,NC2001,0.08,,0.2,0.1,,,0.33,,,,,,,
785,NC2002,0.1,,0.21,0.11,,,0.35,,,,,,,
786,NC2003,0.1,,0.19,0.1,,,0.36,,,,,,,
787,NC2004,0.09,,0.22,0.1,,,0.35,,,,,,,
788,NC2005,0.09,0.2,0.21,0.09,,0.33,0.34,,,46500.0,,,,
789,NC2006,0.09,,0.2,0.1,0.64,0.33,0.34,,,50300.0,,,,
790,NC2007,0.08,,0.2,0.09,0.65,0.32,0.33,0.05,,52500.0,0.04,,,
791,NC2008,0.08,0.21,0.2,0.09,0.65,0.33,,0.06,0.23,54200.0,0.05,0.08,0.13,0.17
792,NC2009,0.1,,0.23,0.1,0.64,0.35,,0.11,0.24,50400.0,0.09,0.1,0.15,0.19
793,NC2010,0.11,0.28,0.25,0.1,0.63,0.38,,0.12,0.23,49900.0,0.09,0.1,0.15,0.19
794,NC2011,0.11,,0.26,0.12,0.6,0.37,,0.11,0.24,50500.0,0.09,0.1,0.16,0.22
795,NC2012,0.12,,0.26,0.12,0.6,0.34,,0.11,0.26,51000.0,0.08,0.09,0.16,0.21
796,NC2013,0.12,0.32,0.25,0.12,0.58,0.33,,0.08,0.26,51900.0,0.07,0.09,0.15,0.19
797,NC2014,0.1,0.3,0.24,0.11,0.59,0.32,,0.06,0.27,53300.0,0.05,0.07,0.14,0.19
798,NC2015,0.11,0.3,0.23,0.11,0.58,0.32,,0.07,0.27,55400.0,0.05,0.08,0.13,0.17
799,NC2016,0.09,0.29,0.22,0.11,0.58,0.28,,0.05,0.25,59600.0,0.05,0.07,0.12,0.16
800,NC2017,0.09,0.26,0.21,0.11,0.6,0.27,,0.05,0.24,63800.0,0.04,0.07,0.12,0.16
801,NC2018,0.09,0.25,0.2,0.12,0.61,0.27,,0.04,0.25,66100.0,0.03,0.07,0.12,0.15
802,NC2019,0.09,0.25,0.2,0.12,0.61,0.26,,0.05,0.24,68900.0,0.03,0.07,0.11,0.15
803,NC2020,,,,,,,,0.08,,,0.06,,,
804,NC2021,0.09,0.3,0.18,0.11,0.65,0.25,,0.05,0.21,77500.0,0.03,0.07,0.12,0.16
805,NC2022,0.08,0.28,0.17,0.11,0.67,0.26,0.25,0.03,0.23,81600.0,0.02,0.06,0.11,0.14
806,NC2023,0.09,0.27,0.18,0.11,0.66,0.27,,0.03,0.22,88400.0,0.03,0.07,0.11,0.14
807,NC2024,0.08,0.25,0.17,,,,,0.04,,92100.0,0.03,,,
808,ND2000,0.06,,0.15,0.04,,,0.29,,,,,,,
809,ND2001,0.07,,0.15,0.07,,,0.25,,,,,,,
810,ND2002,0.07,,0.13,0.08,,,0.26,,,,,,,
811,ND2003,0.06,,0.14,0.05,,,0.25,,,,,,,
812,ND2004,0.06,,0.16,0.05,,,0.27,,,,,,,
813,ND2005,0.07,0.15,0.13,0.07,,0.19,0.28,,,53300.0,,,,
814,ND2006,0.06,,0.13,0.05,0.75,0.2,0.24,,,55500.0,,,,
815,ND2007,0.06,,0.13,0.04,0.75,0.21,0.28,0.04,,60600.0,0.03,,,
816,ND2008,0.08,0.18,0.15,0.09,0.74,0.23,,0.05,0.19,61100.0,0.03,0.06,0.08,0.08
817,ND2009,0.06,,0.13,0.07,0.76,0.18,,0.05,0.19,65100.0,0.04,0.07,0.09,0.11
818,ND2010,0.08,0.19,0.16,0.06,0.73,0.19,,0.05,0.21,64300.0,0.03,0.05,0.07,0.09
819,ND2011,0.07,,0.15,0.08,0.72,0.21,,0.04,0.2,65600.0,0.03,0.07,0.09,0.11
820,ND2012,0.06,,0.13,0.06,0.73,0.16,,0.04,0.18,71000.0,0.03,0.05,0.08,0.09
821,ND2013,0.05,0.17,0.12,0.08,0.74,0.19,,0.03,0.18,71600.0,0.02,0.05,0.08,0.1
822,ND2014,0.08,0.19,0.15,0.09,0.69,0.17,,0.03,0.18,71200.0,0.02,0.06,0.09,0.11
823,ND2015,0.07,0.14,0.12,0.1,0.69,0.17,,0.03,0.16,78200.0,0.02,0.05,0.08,0.09
824,ND2016,0.06,0.15,0.12,0.1,0.72,0.19,,0.03,0.18,80100.0,0.02,0.05,0.08,0.1
825,ND2017,0.06,0.15,0.11,0.1,0.68,0.18,,0.03,0.16,83400.0,0.02,0.04,0.07,0.08
826,ND2018,0.05,0.14,0.1,0.1,0.71,0.18,,0.03,0.18,84200.0,0.02,0.04,0.07,0.09
827,ND2019,0.05,0.15,0.1,0.08,0.7,0.16,,0.03,0.18,87600.0,0.02,0.04,0.07,0.08
828,ND2020,,,,,,,,0.06,,,0.04,,,
829,ND2021,0.07,0.14,0.1,0.11,0.73,0.2,,0.04,0.17,91800.0,0.03,0.07,0.07,0.08
830,ND2022,0.06,0.13,0.13,0.1,0.72,0.19,0.18,0.01,0.16,100400.0,0.01,0.04,0.05,0.06
831,ND2023,0.04,0.13,0.09,0.11,0.78,0.15,,0.02,0.16,109700.0,0.01,0.04,0.06,0.08
832,ND2024,0.07,0.15,0.13,,,,,0.04,,106500.0,0.02,,,
833,NE2000,0.05,,0.1,0.08,,,0.25,,,,,,,
834,NE2001,0.05,,0.14,0.08,,,0.24,,,,,,,
835,NE2002,0.06,,0.14,0.08,,,0.23,,,,,,,
836,NE2003,0.06,,0.13,0.09,,,0.23,,,,,,,
837,NE2004,0.05,,0.13,0.07,,,0.24,,,,,,,
838,NE2005,0.07,0.15,0.15,0.08,,0.24,0.26,,,55000.0,,,,
839,NE2006,0.07,,0.14,0.07,0.71,0.28,0.26,,,55200.0,,,,
840,NE2007,0.07,,0.15,0.07,0.71,0.26,0.26,0.04,,57100.0,0.02,,,
841,NE2008,0.05,0.15,0.13,0.07,0.73,0.25,,0.04,0.22,61100.0,0.02,0.04,0.07,0.1
842,NE2009,0.06,,0.15,0.09,0.71,0.25,,0.05,0.24,58500.0,0.03,0.06,0.09,0.12
843,NE2010,0.07,0.22,0.18,0.08,0.69,0.28,,0.06,0.24,58300.0,0.04,0.04,0.09,0.13
844,NE2011,0.08,,0.18,0.09,0.68,0.26,,0.06,0.24,60400.0,0.04,0.05,0.09,0.12
845,NE2012,0.07,,0.18,0.09,0.66,0.26,,0.06,0.25,60300.0,0.04,0.06,0.08,0.1
846,NE2013,0.08,0.22,0.18,0.11,0.67,0.26,,0.06,0.26,61600.0,0.04,0.03,0.08,0.11
847,NE2014,0.07,0.2,0.16,0.09,0.67,0.23,,0.04,0.25,63200.0,0.02,0.05,0.09,0.12
848,NE2015,0.07,0.2,0.17,0.09,0.68,0.22,,0.04,0.24,68600.0,0.02,0.06,0.08,0.1
849,NE2016,0.06,0.19,0.14,0.09,0.66,0.22,,0.04,0.23,71800.0,0.02,0.04,0.08,0.11
850,NE2017,0.06,0.19,0.14,0.1,0.68,0.22,,0.03,0.23,72800.0,0.02,0.05,0.08,0.1
851,NE2018,0.05,0.2,0.13,0.08,0.69,0.21,,0.03,0.22,73900.0,0.02,0.04,0.07,0.1
852,NE2019,0.05,0.16,0.11,0.08,0.71,0.2,,0.03,0.21,80300.0,0.02,0.04,0.07,0.1
853,NE2020,,,,,,,,0.04,,,0.03,,,
854,NE2021,0.06,0.18,0.13,0.09,0.73,0.22,,0.02,0.19,91000.0,0.02,0.04,0.08,0.11
855,NE2022,0.06,0.18,0.14,0.08,0.71,0.22,0.19,0.03,0.19,94100.0,0.02,0.03,0.06,0.09
856,NE2023,0.05,0.17,0.11,0.1,0.74,0.22,,0.03,0.2,96700.0,0.02,0.04,0.07,0.09
857,NE2024,0.06,0.17,0.12,,,,,0.03,,101300.0,0.02,,,
858,NH2000,0.03,,0.06,0.05,,,0.24,,,,,,,
859,NH2001,0.03,,0.07,0.04,,,0.24,,,,,,,
860,NH2002,0.03,,0.08,0.06,,,0.24,,,,,,,
861,NH2003,0.04,,0.08,0.06,,,0.27,,,,,,,
862,NH2004,0.04,,0.1,0.05,,,0.29,,,,,,,
863,NH2005,0.04,0.13,0.09,0.05,,0.37,0.27,,,70400.0,,,,
864,NH2006,0.04,,0.1,0.05,0.77,0.42,0.26,,,71100.0,,,,
865,NH2007,0.04,,0.09,0.05,0.79,0.41,0.27,0.04,,75700.0,0.03,,,
866,NH2008,0.04,0.11,0.09,0.04,0.78,0.38,,0.04,0.12,79400.0,0.03,0.04,0.08,0.11
867,NH2009,0.04,,0.11,0.07,0.77,0.41,,0.08,0.13,74500.0,0.06,0.05,0.1,0.14
868,NH2010,0.05,0.16,0.1,0.06,0.73,0.39,,0.07,0.12,76500.0,0.05,0.06,0.1,0.15
869,NH2011,0.06,,0.12,0.05,0.73,0.39,,0.06,0.16,79800.0,0.04,0.06,0.11,0.15
870,NH2012,0.06,,0.16,0.05,0.7,0.39,,0.05,0.15,79000.0,0.03,0.06,0.1,0.14
871,NH2013,0.05,0.19,0.1,0.06,0.7,0.35,,0.06,0.15,75600.0,0.04,0.05,0.1,0.15
872,NH2014,0.05,0.18,0.13,0.07,0.71,0.33,,0.05,0.15,80400.0,0.03,0.05,0.07,0.1
873,NH2015,0.05,0.17,0.11,0.06,0.72,0.26,,0.03,0.12,86900.0,0.02,0.04,0.08,0.1
874,NH2016,0.03,0.17,0.08,0.07,0.73,0.25,,0.03,0.13,88400.0,0.02,0.05,0.08,0.1
875,NH2017,0.05,0.18,0.1,0.07,0.72,0.26,,0.03,0.11,94100.0,0.02,0.05,0.08,0.09
876,NH2018,0.06,0.16,0.11,0.07,0.73,0.27,,0.03,0.12,97000.0,0.02,0.04,0.08,0.11
877,NH2019,0.03,0.15,0.07,0.08,0.76,0.24,,0.02,0.13,102400.0,0.01,0.05,0.07,0.09
878,NH2020,,,,,,,,0.06,,,0.05,,,
879,NH2021,0.05,0.15,0.09,0.06,0.75,0.24,,0.05,0.1,114900.0,0.03,0.04,0.07,0.1
880,NH2022,0.04,0.15,0.07,0.06,0.76,0.25,0.19,0.03,0.1,120000.0,0.02,0.04,0.07,0.1
881,NH2023,0.05,0.14,0.08,0.07,0.77,0.26,,0.03,0.1,122300.0,0.02,0.03,0.05,0.07
882,NH2024,0.03,0.14,0.07,,,,,0.03,,131900.0,0.02,,,
883,NJ2000,0.05,,0.1,0.1,,,0.26,,,,,,,
884,NJ2001,0.04,,0.11,0.11,,,0.27,,,,,,,
885,NJ2002,0.04,,0.11,0.11,,,0.29,,,,,,,
886,NJ2003,0.06,,0.12,0.1,,,0.27,,,,,,,
887,NJ2004,0.05,,0.12,0.11,,,0.28,,,,,,,
888,NJ2005,0.06,0.11,0.12,0.1,,0.43,0.28,,,76100.0,,,,
889,NJ2006,0.05,,0.12,0.09,0.69,0.45,0.28,,,79100.0,,,,
890,NJ2007,0.05,,0.12,0.1,0.69,0.47,0.28,0.04,,82600.0,0.03,,,
891,NJ2008,0.06,0.11,0.13,0.12,0.69,0.47,,0.05,0.13,86600.0,0.04,0.07,0.11,0.15
892,NJ2009,0.06,,0.13,0.11,0.67,0.48,,0.1,0.14,83700.0,0.07,0.07,0.12,0.17
893,NJ2010,0.06,0.16,0.14,0.12,0.66,0.48,,0.1,0.14,83200.0,0.08,0.08,0.13,0.18
894,NJ2011,0.07,,0.15,0.12,0.64,0.48,,0.1,0.15,82000.0,0.08,0.07,0.13,0.19
895,NJ2012,0.08,,0.15,0.12,0.64,0.45,,0.1,0.16,85200.0,0.07,0.06,0.13,0.18
896,NJ2013,0.08,0.2,0.17,0.11,0.62,0.44,,0.09,0.16,85200.0,0.07,0.06,0.12,0.17
897,NJ2014,0.07,0.2,0.16,0.11,0.61,0.42,,0.06,0.17,89000.0,0.05,0.06,0.11,0.16
898,NJ2015,0.07,0.2,0.16,0.11,0.6,0.42,,0.07,0.17,90300.0,0.05,0.06,0.12,0.16
899,NJ2016,0.06,0.2,0.15,0.12,0.6,0.39,,0.06,0.17,95700.0,0.04,0.05,0.1,0.14
900,NJ2017,0.06,0.19,0.14,0.12,0.61,0.37,,0.04,0.16,100000.0,0.03,0.07,0.1,0.13
901,NJ2018,0.06,0.17,0.14,0.12,0.63,0.36,,0.05,0.16,103400.0,0.03,0.05,0.1,0.15
902,NJ2019,0.05,0.16,0.12,0.12,0.62,0.34,,0.03,0.16,108400.0,0.02,0.06,0.1,0.13
903,NJ2020,,,,,,,,0.08,,,0.06,,,
904,NJ2021,0.07,0.2,0.14,0.13,0.64,0.35,,0.09,0.13,111900.0,0.06,0.06,0.11,0.15
905,NJ2022,0.05,0.21,0.13,0.14,0.65,0.35,0.24,0.04,0.15,120900.0,0.03,0.05,0.09,0.13
906,NJ2023,0.06,0.19,0.13,0.14,0.66,0.33,,0.05,0.15,126200.0,0.03,0.05,0.09,0.13
907,NJ2024,0.06,0.19,0.12,,,,,0.05,,131700.0,0.04,,,
908,NM2000,0.13,,0.26,0.2,,,0.38,,,,,,,
909,NM2001,0.09,,0.24,0.18,,,0.35,,,,,,,
910,NM2002,0.11,,0.27,0.2,,,0.38,,,,,,,
911,NM2003,0.14,,0.26,0.16,,,0.39,,,,,,,
912,NM2004,0.1,,0.28,0.16,,,0.37,,,,,,,
913,NM2005,0.12,0.24,0.26,0.14,,0.31,0.41,,,39300.0,,,,
914,NM2006,0.11,,0.26,0.17,0.68,0.29,0.38,,,42100.0,,,,
915,NM2007,0.11,,0.25,0.14,0.67,0.33,0.38,0.04,,44100.0,0.03,,,
916,NM2008,0.1,0.23,0.24,0.14,0.65,0.31,,0.05,0.31,45900.0,0.04,0.1,0.16,0.2
917,NM2009,0.1,,0.25,0.15,0.65,0.32,,0.09,0.29,44200.0,0.07,0.11,0.17,0.22
918,NM2010,0.13,0.32,0.3,0.16,0.61,0.33,,0.11,0.29,43200.0,0.09,0.12,0.18,0.22
919,NM2011,0.14,,0.31,0.19,0.63,0.36,,0.1,0.29,44000.0,0.08,0.11,0.18,0.22
920,NM2012,0.14,,0.29,0.16,0.62,0.33,,0.08,0.29,44200.0,0.06,0.12,0.18,0.24
921,NM2013,0.15,0.37,0.31,0.15,0.62,0.33,,0.09,0.3,45500.0,0.07,0.1,0.17,0.23
922,NM2014,0.14,0.35,0.3,0.17,0.6,0.31,,0.07,0.3,47300.0,0.05,0.09,0.15,0.19
923,NM2015,0.13,0.37,0.29,0.17,0.6,0.31,,0.08,0.31,49200.0,0.07,0.09,0.16,0.22
924,NM2016,0.13,0.38,0.3,0.19,0.6,0.32,,0.07,0.31,47700.0,0.06,0.09,0.16,0.22
925,NM2017,0.12,0.37,0.27,0.15,0.62,0.28,,0.06,0.28,52100.0,0.05,0.1,0.16,0.21
926,NM2018,0.13,0.37,0.26,0.18,0.61,0.26,,0.04,0.29,52400.0,0.04,0.12,0.17,0.22
927,NM2019,0.11,0.35,0.25,0.17,0.62,0.26,,0.03,0.3,53400.0,0.03,0.11,0.14,0.17
928,NM2020,,,,,,,,0.07,,,0.06,,,
929,NM2021,0.13,0.43,0.24,0.14,0.7,0.26,,0.08,0.27,58700.0,0.07,0.12,0.19,0.25
930,NM2022,0.11,0.4,0.23,0.14,0.71,0.28,0.32,0.03,0.28,67100.0,0.03,0.09,0.15,0.19
931,NM2023,0.13,0.41,0.25,0.14,0.66,0.29,,0.04,0.3,66000.0,0.03,0.1,0.13,0.15
932,NM2024,0.12,0.39,0.22,,,,,0.04,,78900.0,0.03,,,
933,NV2000,0.06,,0.13,0.19,,,0.3,,,,,,,
934,NV2001,0.07,,0.15,0.21,,,0.29,,,,,,,
935,NV2002,0.06,,0.17,0.19,,,0.34,,,,,,,
936,NV2003,0.06,,0.15,0.2,,,0.3,,,,,,,
937,NV2004,0.09,,0.19,0.18,,,0.36,,,,,,,
938,NV2005,0.06,0.11,0.15,0.17,,0.43,0.31,,,51400.0,,,,
939,NV2006,0.06,,0.14,0.16,0.6,0.47,0.3,,,56600.0,,,,
940,NV2007,0.06,,0.15,0.15,0.57,0.47,0.32,0.05,,59200.0,0.04,,,
941,NV2008,0.06,0.13,0.15,0.19,0.54,0.49,,0.08,0.21,60400.0,0.06,0.11,0.16,0.2
942,NV2009,0.08,,0.18,0.18,0.54,0.48,,0.13,0.21,55800.0,0.11,0.13,0.18,0.22
943,NV2010,0.1,0.23,0.22,0.18,0.5,0.47,,0.16,0.22,54400.0,0.13,0.15,0.2,0.25
944,NV2011,0.1,,0.22,0.2,0.47,0.44,,0.15,0.27,49700.0,0.12,0.13,0.17,0.2
945,NV2012,0.1,,0.24,0.2,0.44,0.45,,0.12,0.27,49300.0,0.1,0.1,0.17,0.22
946,NV2013,0.1,0.27,0.23,0.19,0.46,0.39,,0.09,0.26,52300.0,0.07,0.11,0.18,0.24
947,NV2014,0.1,0.27,0.22,0.2,0.44,0.37,,0.08,0.27,54200.0,0.06,0.09,0.15,0.19
948,NV2015,0.09,0.29,0.21,0.18,0.45,0.35,,0.06,0.26,56100.0,0.05,0.09,0.14,0.17
949,NV2016,0.08,0.28,0.19,0.19,0.47,0.34,,0.06,0.26,58500.0,0.04,0.1,0.15,0.18
950,NV2017,0.08,0.27,0.19,0.19,0.51,0.33,,0.04,0.25,63000.0,0.03,0.09,0.15,0.19
951,NV2018,0.07,0.26,0.18,0.19,0.54,0.33,,0.04,0.25,65400.0,0.04,0.09,0.13,0.16
952,NV2019,0.06,0.22,0.17,0.19,0.54,0.33,,0.04,0.24,69300.0,0.03,0.09,0.14,0.17
953,NV2020,,,,,,,,0.15,,,0.12,,,
954,NV2021,0.1,0.31,0.19,0.18,0.55,0.35,,0.09,0.2,72700.0,0.08,0.1,0.16,0.21
955,NV2022,0.08,0.28,0.16,0.19,0.56,0.35,0.28,0.06,0.22,79500.0,0.05,0.09,0.15,0.19
956,NV2023,0.08,0.31,0.16,0.19,0.56,0.36,,0.05,0.23,81400.0,0.04,0.09,0.14,0.18
957,NV2024,0.06,0.26,0.15,,,,,0.06,,91400.0,0.05,,,
958,NY2000,0.11,,0.19,0.2,,,0.35,,,,,,,
959,NY2001,0.1,,0.19,0.17,,,0.34,,,,,,,
960,NY2002,0.09,,0.19,0.19,,,0.34,,,,,,,
961,NY2003,0.1,,0.19,0.19,,,0.33,,,,,,,
962,NY2004,0.1,,0.21,0.17,,,0.35,,,,,,,
963,NY2005,0.1,0.19,0.19,0.17,,0.44,0.35,,,56700.0,,,,
964,NY2006,0.09,,0.2,0.17,0.57,0.46,0.34,,,59600.0,,,,
965,NY2007,0.09,,0.19,0.17,0.57,0.45,0.33,0.04,,61400.0,0.04,,,
966,NY2008,0.09,0.2,0.19,0.17,0.57,0.45,,0.06,0.21,64200.0,0.05,0.07,0.12,0.16
967,NY2009,0.1,,0.2,0.17,0.56,0.45,,0.08,0.19,63600.0,0.07,0.08,0.14,0.19
968,NY2010,0.1,0.26,0.21,0.18,0.55,0.45,,0.09,0.2,61800.0,0.07,0.08,0.15,0.2
969,NY2011,0.1,,0.23,0.19,0.53,0.46,,0.09,0.21,62100.0,0.07,0.08,0.14,0.19
970,NY2012,0.1,,0.23,0.19,0.53,0.45,,0.09,0.22,63200.0,0.07,0.08,0.14,0.18
971,NY2013,0.1,0.3,0.23,0.2,0.53,0.44,,0.08,0.22,65800.0,0.06,0.07,0.14,0.18
972,NY2014,0.1,0.29,0.23,0.2,0.52,0.44,,0.07,0.22,66400.0,0.05,0.07,0.14,0.18
973,NY2015,0.1,0.29,0.22,0.21,0.51,0.42,,0.05,0.22,67900.0,0.04,0.07,0.12,0.16
974,NY2016,0.1,0.27,0.21,0.21,0.52,0.4,,0.05,0.21,73300.0,0.04,0.06,0.12,0.15
975,NY2017,0.09,0.27,0.2,0.2,0.53,0.4,,0.05,0.21,74200.0,0.04,0.06,0.11,0.15
976,NY2018,0.09,0.26,0.19,0.2,0.53,0.38,,0.04,0.21,80100.0,0.03,0.06,0.11,0.15
977,NY2019,0.08,0.24,0.18,0.2,0.54,0.37,,0.04,0.2,83600.0,0.03,0.06,0.11,0.14
978,NY2020,,,,,,,,0.12,,,0.09,,,
979,NY2021,0.09,0.28,0.19,0.2,0.57,0.38,,0.08,0.16,89800.0,0.06,0.06,0.13,0.18
980,NY2022,0.1,0.3,0.19,0.21,0.56,0.38,0.3,0.04,0.19,97100.0,0.03,0.06,0.11,0.15
981,NY2023,0.09,0.29,0.19,0.21,0.57,0.38,,0.04,0.2,100200.0,0.03,0.06,0.11,0.15
982,NY2024,0.09,0.29,0.18,,,,,0.04,,104100.0,0.03,,,
983,OH2000,0.06,,0.16,0.06,,,0.3,,,,,,,
984,OH2001,0.07,,0.16,0.07,,,0.3,,,,,,,
985,OH2002,0.08,,0.17,0.06,,,0.32,,,,,,,
986,OH2003,0.09,,0.18,0.06,,,0.32,,,,,,,
987,OH2004,0.09,,0.18,0.05,,,0.32,,,,,,,
988,OH2005,0.09,0.19,0.19,0.07,,0.33,0.34,,,53500.0,,,,
989,OH2006,0.09,,0.19,0.07,0.7,0.34,0.34,,,54900.0,,,,
990,OH2007,0.09,,0.19,0.06,0.69,0.33,0.34,0.06,,56400.0,0.05,,,
991,OH2008,0.09,0.21,0.19,0.06,0.68,0.33,,0.08,0.2,58600.0,0.06,0.07,0.12,0.17
992,OH2009,0.1,,0.22,0.06,0.66,0.35,,0.13,0.2,55000.0,0.1,0.07,0.14,0.19
993,OH2010,0.12,0.29,0.23,0.07,0.65,0.36,,0.11,0.21,54500.0,0.09,0.08,0.15,0.2
994,OH2011,0.12,,0.24,0.07,0.64,0.35,,0.1,0.22,55100.0,0.08,0.07,0.13,0.18
995,OH2012,0.12,,0.24,0.07,0.63,0.31,,0.09,0.22,57100.0,0.07,0.07,0.13,0.19
996,OH2013,0.11,0.31,0.23,0.07,0.63,0.3,,0.09,0.23,58300.0,0.07,0.07,0.13,0.18
997,OH2014,0.11,0.3,0.23,0.07,0.62,0.29,,0.05,0.23,59600.0,0.04,0.06,0.12,0.17
998,OH2015,0.1,0.28,0.21,0.08,0.63,0.27,,0.05,0.22,62100.0,0.04,0.05,0.11,0.16
999,OH2016,0.1,0.28,0.21,0.07,0.63,0.25,,0.06,0.21,64300.0,0.04,0.06,0.11,0.15
1000,OH2017,0.09,0.27,0.2,0.08,0.63,0.25,,0.07,0.22,67400.0,0.05,0.05,0.1,0.15
1001,OH2018,0.09,0.25,0.2,0.08,0.64,0.25,,0.05,0.22,70000.0,0.04,0.06,0.1,0.13
1002,OH2019,0.08,0.24,0.18,0.08,0.65,0.23,,0.04,0.22,72100.0,0.03,0.06,0.1,0.13
1003,OH2020,,,,,,,,0.09,,,0.07,,,
1004,OH2021,0.1,0.28,0.19,0.08,0.68,0.22,,0.07,0.18,80500.0,0.05,0.06,0.11,0.15
1005,OH2022,0.09,0.25,0.18,0.07,0.69,0.23,0.26,0.04,0.2,85100.0,0.03,0.06,0.11,0.14
1006,OH2023,0.09,0.25,0.18,0.09,0.68,0.24,,0.03,0.21,90400.0,0.02,0.06,0.11,0.14
1007,OH2024,0.09,0.23,0.16,,,,,0.04,,93800.0,0.03,,,
1008,OK2000,0.08,,0.19,0.13,,,0.33,,,,,,,
1009,OK2001,0.08,,0.2,0.13,,,0.3,,,,,,,
1010,OK2002,0.1,,0.22,0.12,,,0.33,,,,,,,
1011,OK2003,0.1,,0.22,0.09,,,0.33,,,,,,,
1012,OK2004,0.1,,0.21,0.09,,,0.36,,,,,,,
1013,OK2005,0.1,0.24,0.23,0.1,,0.29,0.35,,,42300.0,,,,
1014,OK2006,0.1,,0.24,0.12,0.64,0.3,0.36,,,44300.0,,,,
1015,OK2007,0.1,,0.22,0.11,0.64,0.29,0.35,0.05,,46800.0,0.04,,,
1016,OK2008,0.09,0.24,0.23,0.11,0.63,0.29,,0.04,0.27,49200.0,0.03,0.08,0.12,0.16
1017,OK2009,0.1,,0.22,0.12,0.63,0.28,,0.08,0.27,48200.0,0.06,0.09,0.15,0.19
1018,OK2010,0.11,0.3,0.25,0.13,0.63,0.32,,0.1,0.26,47400.0,0.07,0.09,0.15,0.19
1019,OK2011,0.11,,0.23,0.12,0.62,0.3,,0.07,0.27,49400.0,0.06,0.09,0.15,0.21
1020,OK2012,0.1,,0.24,0.13,0.61,0.29,,0.05,0.28,50300.0,0.04,0.1,0.15,0.19
1021,OK2013,0.11,0.3,0.24,0.13,0.6,0.28,,0.06,0.28,51100.0,0.05,0.1,0.16,0.2
1022,OK2014,0.1,0.29,0.22,0.13,0.6,0.27,,0.05,0.27,53700.0,0.04,0.09,0.15,0.2
1023,OK2015,0.1,0.27,0.22,0.13,0.61,0.26,,0.05,0.27,54700.0,0.04,0.08,0.14,0.18
1024,OK2016,0.1,0.29,0.23,0.13,0.6,0.26,,0.06,0.27,56900.0,0.05,0.09,0.15,0.19
1025,OK2017,0.09,0.27,0.21,0.13,0.61,0.26,,0.05,0.27,56900.0,0.04,0.08,0.13,0.18
1026,OK2018,0.1,0.26,0.22,0.12,0.61,0.25,,0.04,0.27,60200.0,0.03,0.08,0.12,0.16
1027,OK2019,0.09,0.25,0.2,0.12,0.63,0.25,,0.03,0.28,62200.0,0.03,0.08,0.13,0.16
1028,OK2020,,,,,,,,0.08,,,0.06,,,
1029,OK2021,0.1,0.29,0.21,0.13,0.63,0.25,,0.04,0.25,64600.0,0.03,0.09,0.14,0.17
1030,OK2022,0.09,0.31,0.2,0.13,0.64,0.27,0.27,0.04,0.27,70100.0,0.03,0.08,0.12,0.15
1031,OK2023,0.09,0.29,0.21,0.14,0.67,0.27,,0.04,0.26,77000.0,0.03,0.08,0.13,0.17
1032,OK2024,0.09,0.28,0.19,,,,,0.03,,78000.0,0.02,,,
1033,OR2000,0.08,,0.18,0.18,,,0.36,,,,,,,
1034,OR2001,0.07,,0.18,0.16,,,0.37,,,,,,,
1035,OR2002,0.05,,0.17,0.13,,,0.34,,,,,,,
1036,OR2003,0.08,,0.18,0.14,,,0.35,,,,,,,
1037,OR2004,0.08,,0.19,0.13,,,0.35,,,,,,,
1038,OR2005,0.08,0.22,0.18,0.13,,0.38,0.38,,,49900.0,,,,
1039,OR2006,0.07,,0.17,0.12,0.64,0.4,0.34,,,52800.0,,,,
1040,OR2007,0.07,,0.17,0.12,0.65,0.42,0.35,0.06,,55700.0,0.04,,,
1041,OR2008,0.07,0.23,0.18,0.14,0.64,0.43,,0.08,0.21,57700.0,0.06,0.09,0.14,0.17
1042,OR2009,0.08,,0.19,0.14,0.6,0.43,,0.12,0.21,55500.0,0.1,0.09,0.15,0.2
1043,OR2010,0.09,0.33,0.22,0.14,0.59,0.45,,0.13,0.23,51800.0,0.1,0.1,0.15,0.19
1044,OR2011,0.1,,0.24,0.14,0.55,0.45,,0.11,0.22,52400.0,0.09,0.09,0.16,0.21
1045,OR2012,0.1,,0.23,0.16,0.57,0.41,,0.09,0.23,54800.0,0.07,0.09,0.15,0.19
1046,OR2013,0.09,0.36,0.22,0.15,0.57,0.39,,0.08,0.23,56800.0,0.06,0.08,0.14,0.19
1047,OR2014,0.09,0.35,0.22,0.16,0.54,0.38,,0.07,0.25,57300.0,0.05,0.08,0.13,0.17
1048,OR2015,0.08,0.35,0.2,0.15,0.57,0.34,,0.05,0.24,62500.0,0.04,0.07,0.12,0.16
1049,OR2016,0.07,0.3,0.17,0.15,0.6,0.32,,0.04,0.22,68000.0,0.04,0.06,0.12,0.16
1050,OR2017,0.06,0.27,0.16,0.15,0.62,0.32,,0.05,0.21,70400.0,0.04,0.06,0.12,0.16
1051,OR2018,0.07,0.27,0.16,0.17,0.61,0.32,,0.05,0.2,76800.0,0.03,0.07,0.11,0.15
1052,OR2019,0.06,0.23,0.13,0.14,0.64,0.29,,0.04,0.18,81200.0,0.03,0.08,0.12,0.15
1053,OR2020,,,,,,,,0.07,,,0.06,,,
1054,OR2021,0.06,0.31,0.14,0.14,0.66,0.31,,0.06,0.16,86600.0,0.04,0.07,0.13,0.18
1055,OR2022,0.06,0.29,0.14,0.14,0.65,0.3,0.27,0.03,0.17,92000.0,0.02,0.06,0.11,0.15
1056,OR2023,0.06,0.3,0.14,0.14,0.66,0.32,,0.03,0.18,96000.0,0.02,0.07,0.11,0.15
1057,OR2024,0.07,0.28,0.13,,,,,0.04,,109800.0,0.02,,,
1058,PA2000,0.06,,0.15,0.07,,,0.28,,,,,,,
1059,PA2001,0.07,,0.15,0.07,,,0.29,,,,,,,
1060,PA2002,0.07,,0.15,0.06,,,0.32,,,,,,,
1061,PA2003,0.08,,0.16,0.07,,,0.31,,,,,,,
1062,PA2004,0.08,,0.17,0.06,,,0.32,,,,,,,
1063,PA2005,0.08,0.18,0.17,0.06,,0.33,0.32,,,56400.0,,,,
1064,PA2006,0.08,,0.17,0.06,0.73,0.34,0.31,,,58900.0,,,,
1065,PA2007,0.08,,0.16,0.06,0.73,0.34,0.33,0.04,,61200.0,0.03,,,
1066,PA2008,0.07,0.2,0.17,0.06,0.72,0.34,,0.05,0.18,62700.0,0.04,0.06,0.11,0.15
1067,PA2009,0.08,,0.17,0.06,0.71,0.34,,0.09,0.18,62100.0,0.07,0.08,0.13,0.18
1068,PA2010,0.08,0.26,0.19,0.06,0.7,0.35,,0.1,0.18,61100.0,0.08,0.07,0.13,0.18
1069,PA2011,0.09,,0.2,0.06,0.69,0.35,,0.08,0.18,63100.0,0.06,0.07,0.13,0.19
1070,PA2012,0.09,,0.2,0.07,0.68,0.33,,0.09,0.19,64700.0,0.07,0.07,0.13,0.18
1071,PA2013,0.09,0.28,0.19,0.07,0.67,0.32,,0.07,0.2,66200.0,0.06,0.06,0.13,0.18
1072,PA2014,0.09,0.27,0.19,0.07,0.67,0.32,,0.08,0.2,68100.0,0.05,0.07,0.13,0.17
1073,PA2015,0.09,0.27,0.19,0.08,0.67,0.3,,0.06,0.19,70400.0,0.05,0.05,0.12,0.16
1074,PA2016,0.08,0.28,0.19,0.07,0.67,0.29,,0.06,0.19,71700.0,0.05,0.06,0.11,0.15
1075,PA2017,0.08,0.26,0.17,0.08,0.68,0.27,,0.06,0.19,76500.0,0.04,0.06,0.11,0.16
1076,PA2018,0.08,0.27,0.17,0.07,0.68,0.27,,0.06,0.19,77100.0,0.04,0.06,0.11,0.14
1077,PA2019,0.08,0.26,0.17,0.08,0.68,0.27,,0.04,0.2,80700.0,0.03,0.05,0.1,0.13
1078,PA2020,,,,,,,,0.1,,,0.08,,,
1079,PA2021,0.09,0.28,0.17,0.08,0.71,0.25,,0.07,0.16,88300.0,0.06,0.06,0.12,0.16
1080,PA2022,0.07,0.28,0.15,0.08,0.72,0.25,0.25,0.05,0.18,97400.0,0.04,0.06,0.1,0.13
1081,PA2023,0.08,0.29,0.16,0.08,0.72,0.26,,0.04,0.19,95400.0,0.03,0.05,0.1,0.14
1082,PA2024,0.07,0.28,0.15,,,,,0.04,,104300.0,0.03,,,
1083,RI2000,0.09,,0.16,0.08,,,0.34,,,,,,,
1084,RI2001,0.09,,0.18,0.06,,,0.32,,,,,,,
1085,RI2002,0.08,,0.15,0.09,,,0.35,,,,,,,
1086,RI2003,0.07,,0.17,0.09,,,0.33,,,,,,,
1087,RI2004,0.11,,0.21,0.06,,,0.37,,,,,,,
1088,RI2005,0.1,0.18,0.19,0.08,,0.42,0.36,,,60200.0,,,,
1089,RI2006,0.06,,0.15,0.07,0.66,0.45,0.32,,,62000.0,,,,
1090,RI2007,0.08,,0.17,0.06,0.65,0.44,0.34,0.06,,67600.0,0.04,,,
1091,RI2008,0.07,0.18,0.15,0.06,0.67,0.45,,0.1,0.17,67900.0,0.07,0.07,0.1,0.13
1092,RI2009,0.08,,0.17,0.07,0.64,0.46,,0.13,0.17,65700.0,0.1,0.08,0.12,0.15
1093,RI2010,0.08,0.28,0.19,0.07,0.61,0.45,,0.14,0.17,65000.0,0.1,0.05,0.1,0.15
1094,RI2011,0.11,,0.22,0.08,0.59,0.43,,0.15,0.18,63700.0,0.11,0.07,0.11,0.14
1095,RI2012,0.09,,0.19,0.08,0.6,0.4,,0.14,0.17,68000.0,0.11,0.06,0.09,0.12
1096,RI2013,0.09,0.31,0.22,0.07,0.57,0.43,,0.12,0.19,65000.0,0.09,0.06,0.11,0.15
1097,RI2014,0.09,0.31,0.2,0.08,0.58,0.42,,0.09,0.21,61600.0,0.06,0.07,0.11,0.13
1098,RI2015,0.08,0.28,0.19,0.07,0.57,0.35,,0.06,0.2,70100.0,0.04,0.07,0.1,0.12
1099,RI2016,0.08,0.27,0.17,0.08,0.58,0.32,,0.06,0.19,71900.0,0.04,0.03,0.08,0.12
1100,RI2017,0.05,0.28,0.17,0.09,0.59,0.33,,0.06,0.18,80000.0,0.03,0.06,0.08,0.1
1101,RI2018,0.08,0.28,0.18,0.08,0.6,0.35,,0.04,0.15,77100.0,0.03,0.03,0.09,0.15
1102,RI2019,0.07,0.25,0.14,0.09,0.63,0.29,,0.03,0.18,82300.0,0.02,0.05,0.09,0.12
1103,RI2020,,,,,,,,0.09,,,0.08,,,
1104,RI2021,0.07,0.27,0.15,0.08,0.65,0.33,,0.06,0.15,90300.0,0.05,0.03,0.08,0.13
1105,RI2022,0.06,0.22,0.12,0.1,0.68,0.29,0.22,0.05,0.16,104400.0,0.03,0.03,0.08,0.12
1106,RI2023,0.07,0.24,0.13,0.09,0.67,0.31,,0.04,0.15,104500.0,0.02,0.04,0.06,0.08
1107,RI2024,0.09,0.26,0.16,,,,,0.05,,104000.0,0.03,,,
1108,SC2000,0.09,,0.19,0.08,,,0.31,,,,,,,
1109,SC2001,0.08,,0.2,0.09,,,0.33,,,,,,,
1110,SC2002,0.1,,0.2,0.07,,,0.36,,,,,,,
1111,SC2003,0.09,,0.19,0.07,,,0.36,,,,,,,
1112,SC2004,0.1,,0.23,0.09,,,0.35,,,,,,,
1113,SC2005,0.11,0.24,0.23,0.08,,0.32,0.36,,,46100.0,,,,
1114,SC2006,0.1,,0.22,0.08,0.66,0.31,0.36,,,47500.0,,,,
1115,SC2007,0.1,,0.21,0.08,0.65,0.3,0.34,0.06,,51300.0,0.04,,,
1116,SC2008,0.1,0.24,0.22,0.09,0.66,0.31,,0.09,0.24,52800.0,0.06,0.08,0.15,0.21
1117,SC2009,0.12,,0.24,0.08,0.63,0.34,,0.14,0.24,48100.0,0.1,0.1,0.17,0.23
1118,SC2010,0.13,0.33,0.26,0.1,0.62,0.35,,0.11,0.24,47800.0,0.09,0.09,0.16,0.23
1119,SC2011,0.13,,0.28,0.09,0.61,0.36,,0.1,0.25,48800.0,0.09,0.11,0.18,0.23
1120,SC2012,0.13,,0.27,0.09,0.6,0.32,,0.1,0.26,48400.0,0.07,0.1,0.16,0.21
1121,SC2013,0.13,0.34,0.27,0.09,0.6,0.32,,0.09,0.28,50600.0,0.06,0.08,0.15,0.2
1122,SC2014,0.14,0.33,0.27,0.1,0.59,0.32,,0.08,0.27,52000.0,0.05,0.07,0.14,0.19
1123,SC2015,0.11,0.32,0.24,0.08,0.6,0.29,,0.07,0.26,55300.0,0.05,0.07,0.15,0.2
1124,SC2016,0.12,0.31,0.23,0.09,0.61,0.28,,0.05,0.25,56100.0,0.04,0.07,0.12,0.17
1125,SC2017,0.1,0.29,0.23,0.1,0.61,0.28,,0.04,0.27,58000.0,0.03,0.07,0.12,0.17
1126,SC2018,0.1,0.27,0.23,0.1,0.62,0.27,,0.04,0.25,63200.0,0.03,0.08,0.13,0.17
1127,SC2019,0.09,0.24,0.2,0.1,0.65,0.26,,0.03,0.25,66700.0,0.02,0.08,0.12,0.16
1128,SC2020,,,,,,,,0.05,,,0.04,,,
1129,SC2021,0.1,0.27,0.2,0.09,0.68,0.25,,0.04,0.22,71900.0,0.03,0.08,0.13,0.16
1130,SC2022,0.09,0.25,0.19,0.1,0.7,0.26,0.28,0.02,0.24,77600.0,0.02,0.09,0.12,0.15
1131,SC2023,0.1,0.24,0.19,0.09,0.71,0.26,,0.03,0.25,81000.0,0.03,0.08,0.12,0.15
1132,SC2024,0.1,0.24,0.18,,,,,0.05,,88800.0,0.03,,,
1133,SD2000,0.08,,0.14,0.07,,,0.21,,,,,,,
1134,SD2001,0.05,,0.14,0.06,,,0.21,,,,,,,
1135,SD2002,0.07,,0.14,0.06,,,0.24,,,,,,,
1136,SD2003,0.07,,0.14,0.07,,,0.24,,,,,,,
1137,SD2004,0.07,,0.15,0.05,,,0.25,,,,,,,
1138,SD2005,0.08,0.19,0.18,0.11,,0.22,0.3,,,51100.0,,,,
1139,SD2006,0.08,,0.17,0.11,0.72,0.22,0.29,,,55200.0,,,,
1140,SD2007,0.08,,0.17,0.1,0.69,0.23,0.26,0.04,,51600.0,0.03,,,
1141,SD2008,0.09,0.19,0.18,0.1,0.71,0.25,,0.04,0.25,57800.0,0.03,0.06,0.09,0.11
1142,SD2009,0.08,,0.19,0.09,0.67,0.23,,0.07,0.24,56600.0,0.05,0.07,0.1,0.12
1143,SD2010,0.08,0.24,0.18,0.11,0.71,0.22,,0.06,0.25,56800.0,0.04,0.08,0.12,0.16
1144,SD2011,0.08,,0.18,0.11,0.68,0.25,,0.05,0.25,60900.0,0.04,0.05,0.09,0.13
1145,SD2012,0.09,,0.17,0.11,0.65,0.21,,0.06,0.25,58700.0,0.04,0.04,0.09,0.14
1146,SD2013,0.08,0.28,0.19,0.13,0.67,0.2,,0.05,0.24,57100.0,0.03,0.06,0.1,0.13
1147,SD2014,0.07,0.24,0.18,0.12,0.69,0.21,,0.05,0.23,64400.0,0.03,0.06,0.1,0.13
1148,SD2015,0.09,0.25,0.18,0.11,0.7,0.21,,0.04,0.22,64200.0,0.03,0.06,0.11,0.14
1149,SD2016,0.1,0.24,0.17,0.11,0.69,0.2,,0.03,0.2,72400.0,0.03,0.06,0.09,0.12
1150,SD2017,0.07,0.23,0.17,0.11,0.7,0.18,,0.05,0.2,73000.0,0.04,0.05,0.09,0.12
1151,SD2018,0.08,0.21,0.16,0.11,0.67,0.2,,0.04,0.23,70000.0,0.02,0.05,0.1,0.14
1152,SD2019,0.07,0.2,0.15,0.11,0.71,0.21,,0.03,0.22,75100.0,0.03,0.05,0.1,0.14
1153,SD2020,,,,,,,,0.05,,,0.04,,,
1154,SD2021,0.07,0.21,0.15,0.12,0.73,0.2,,0.04,0.19,83600.0,0.02,0.06,0.1,0.12
1155,SD2022,0.08,0.19,0.15,0.11,0.75,0.2,0.22,0.02,0.18,92100.0,0.01,0.04,0.09,0.14
1156,SD2023,0.06,0.17,0.15,0.12,0.75,0.23,,0.03,0.21,90300.0,0.02,0.07,0.09,0.11
1157,SD2024,0.06,0.14,0.11,,,,,0.02,,101400.0,0.01,,,
1158,TN2000,0.09,,0.2,0.08,,,0.32,,,,,,,
1159,TN2001,0.08,,0.21,0.08,,,0.34,,,,,,,
1160,TN2002,0.09,,0.2,0.1,,,0.34,,,,,,,
1161,TN2003,0.09,,0.2,0.09,,,0.33,,,,,,,
1162,TN2004,0.1,,0.21,0.08,,,0.35,,,,,,,
1163,TN2005,0.1,0.25,0.21,0.09,,0.31,0.36,,,45900.0,,,,
1164,TN2006,0.11,,0.23,0.09,0.66,0.33,0.36,,,47000.0,,,,
1165,TN2007,0.1,,0.23,0.08,0.66,0.33,0.36,0.06,,49400.0,0.04,,,
1166,TN2008,0.09,0.27,0.22,0.09,0.66,0.32,,0.08,0.24,51000.0,0.06,0.09,0.15,0.19
1167,TN2009,0.11,,0.24,0.1,0.65,0.34,,0.13,0.23,49100.0,0.1,0.1,0.17,0.24
1168,TN2010,0.12,0.35,0.26,0.1,0.62,0.37,,0.11,0.23,47000.0,0.09,0.1,0.17,0.23
1169,TN2011,0.12,,0.26,0.1,0.61,0.35,,0.11,0.25,49400.0,0.09,0.09,0.17,0.23
1170,TN2012,0.12,,0.26,0.1,0.61,0.34,,0.11,0.26,50800.0,0.08,0.09,0.16,0.22
1171,TN2013,0.12,0.36,0.27,0.1,0.6,0.32,,0.1,0.26,51000.0,0.08,0.09,0.16,0.22
1172,TN2014,0.12,0.35,0.26,0.11,0.59,0.33,,0.08,0.27,51600.0,0.06,0.09,0.15,0.21
1173,TN2015,0.11,0.32,0.24,0.1,0.59,0.3,,0.07,0.26,52400.0,0.05,0.07,0.13,0.17
1174,TN2016,0.1,0.31,0.23,0.11,0.59,0.28,,0.06,0.25,56500.0,0.04,0.07,0.13,0.18
1175,TN2017,0.09,0.28,0.21,0.1,0.59,0.27,,0.05,0.25,59600.0,0.04,0.07,0.13,0.17
1176,TN2018,0.1,0.28,0.22,0.1,0.61,0.29,,0.04,0.25,62700.0,0.03,0.09,0.14,0.18
1177,TN2019,0.08,0.24,0.2,0.1,0.62,0.26,,0.04,0.24,66400.0,0.03,0.06,0.11,0.15
1178,TN2020,,,,,,,,0.07,,,0.06,,,
1179,TN2021,0.09,0.27,0.18,0.11,0.64,0.26,,0.04,0.21,73300.0,0.03,0.07,0.13,0.18
1180,TN2022,0.09,0.25,0.18,0.11,0.64,0.26,0.28,0.05,0.23,76800.0,0.03,0.07,0.12,0.15
1181,TN2023,0.09,0.22,0.2,0.13,0.64,0.26,,0.04,0.23,82000.0,0.03,0.06,0.11,0.15
1182,TN2024,0.1,0.22,0.19,,,,,0.03,,86600.0,0.02,,,
1183,TX2000,0.09,,0.22,0.22,,,0.32,,,,,,,
1184,TX2001,0.09,,0.21,0.2,,,0.32,,,,,,,
1185,TX2002,0.09,,0.22,0.2,,,0.33,,,,,,,
1186,TX2003,0.1,,0.23,0.19,,,0.33,,,,,,,
1187,TX2004,0.1,,0.23,0.18,,,0.35,,,,,,,
1188,TX2005,0.11,0.23,0.25,0.19,,0.37,0.35,,,45100.0,,,,
1189,TX2006,0.1,,0.24,0.18,0.65,0.37,0.34,,,48100.0,,,,
1190,TX2007,0.1,,0.23,0.18,0.64,0.36,0.33,0.05,,50900.0,0.04,,,
1191,TX2008,0.09,0.22,0.23,0.17,0.64,0.35,,0.06,0.27,53700.0,0.04,0.08,0.14,0.19
1192,TX2009,0.11,,0.24,0.18,0.62,0.36,,0.09,0.27,51000.0,0.06,0.1,0.16,0.2
1193,TX2010,0.11,0.3,0.26,0.2,0.62,0.37,,0.09,0.27,51200.0,0.07,0.09,0.16,0.21
1194,TX2011,0.11,,0.27,0.19,0.61,0.36,,0.09,0.28,52300.0,0.07,0.09,0.15,0.2
1195,TX2012,0.11,,0.26,0.19,0.59,0.34,,0.08,0.28,54200.0,0.06,0.09,0.15,0.2
1196,TX2013,0.11,0.32,0.25,0.19,0.6,0.32,,0.07,0.28,55200.0,0.05,0.09,0.15,0.2
1197,TX2014,0.1,0.3,0.25,0.19,0.59,0.33,,0.06,0.28,57800.0,0.04,0.09,0.14,0.18
1198,TX2015,0.1,0.29,0.23,0.19,0.59,0.32,,0.04,0.27,60400.0,0.03,0.08,0.14,0.18
1199,TX2016,0.09,0.28,0.22,0.19,0.59,0.31,,0.05,0.27,61500.0,0.04,0.08,0.13,0.18
1200,TX2017,0.09,0.27,0.21,0.19,0.6,0.31,,0.05,0.26,65500.0,0.03,0.08,0.13,0.17
1201,TX2018,0.09,0.27,0.21,0.18,0.6,0.32,,0.04,0.26,67400.0,0.03,0.08,0.13,0.16
1202,TX2019,0.09,0.24,0.19,0.18,0.61,0.3,,0.03,0.26,72100.0,0.02,0.08,0.12,0.15
1203,TX2020,,,,,,,,0.08,,,0.06,,,
1204,TX2021,0.09,0.29,0.2,0.18,0.64,0.32,,0.06,0.23,76600.0,0.05,0.08,0.14,0.18
1205,TX2022,0.09,0.28,0.19,0.18,0.65,0.33,0.25,0.04,0.24,82800.0,0.03,0.08,0.13,0.16
1206,TX2023,0.08,0.26,0.18,0.18,0.65,0.33,,0.04,0.24,88800.0,0.03,0.08,0.12,0.15
1207,TX2024,0.08,0.23,0.18,,,,,0.05,,93700.0,0.03,,,
1208,US2000,0.07,,0.17,0.15,,,0.32,,,,,,,
1209,US2001,0.07,,0.17,0.15,,,0.31,,,,,,,
1210,US2002,0.08,,0.18,0.15,,,0.33,,,,,,,
1211,US2003,0.08,,0.18,0.14,,,0.33,,,,,,,
1212,US2004,0.08,,0.18,0.13,,,0.33,,,,,,,
1213,US2005,0.08,0.19,0.19,0.13,,0.37,0.34,,,53600.0,,,,
1214,US2006,0.08,,0.18,0.13,0.66,0.39,0.33,,,56300.0,,,,
1215,US2007,0.08,,0.18,0.13,0.66,0.39,0.33,0.05,,58700.0,0.04,,,
1216,US2008,0.08,0.19,0.18,0.13,0.65,0.39,,0.06,0.21,60900.0,0.05,0.08,0.13,0.17
1217,US2009,0.09,,0.2,0.13,0.63,0.4,,0.11,0.21,58300.0,0.08,0.09,0.14,0.19
1218,US2010,0.1,0.27,0.22,0.14,0.62,0.41,,0.11,0.22,57100.0,0.08,0.09,0.15,0.2
1219,US2011,0.1,,0.23,0.14,0.61,0.4,,0.1,0.22,58000.0,0.08,0.08,0.15,0.19
1220,US2012,0.1,,0.23,0.14,0.6,0.38,,0.09,0.23,59500.0,0.07,0.08,0.14,0.19
1221,US2013,0.1,0.29,0.22,0.14,0.59,0.36,,0.08,0.23,60700.0,0.06,0.08,0.14,0.18
1222,US2014,0.1,0.28,0.22,0.15,0.59,0.35,,0.07,0.23,62100.0,0.05,0.07,0.13,0.17
1223,US2015,0.09,0.28,0.21,0.14,0.59,0.33,,0.06,0.23,64700.0,0.04,0.07,0.12,0.16
1224,US2016,0.09,0.27,0.19,0.14,0.59,0.32,,0.05,0.22,68000.0,0.04,0.07,0.12,0.15
1225,US2017,0.08,0.25,0.18,0.14,0.61,0.31,,0.05,0.22,71400.0,0.04,0.07,0.11,0.15
1226,US2018,0.08,0.24,0.18,0.14,0.61,0.31,,0.04,0.22,74200.0,0.03,0.07,0.11,0.15
1227,US2019,0.07,0.23,0.17,0.14,0.62,0.3,,0.04,0.22,78000.0,0.03,0.06,0.11,0.14
1228,US2020,,,,,,,,0.08,,,0.07,,,
1229,US2021,0.08,0.27,0.17,0.14,0.65,0.3,,0.06,0.18,84200.0,0.04,0.07,0.12,0.16
1230,US2022,0.08,0.26,0.16,0.14,0.66,0.3,0.26,0.04,0.2,91100.0,0.03,0.07,0.11,0.14
1231,US2023,0.08,0.25,0.16,0.14,0.66,0.3,,0.04,0.2,95700.0,0.03,0.07,0.11,0.14
1232,US2024,0.08,0.24,0.15,,,,,0.04,,101200.0,0.03,,,
1233,UT2000,0.03,,0.1,0.12,,,0.26,,,,,,,
1234,UT2001,0.04,,0.09,0.12,,,0.26,,,,,,,
1235,UT2002,0.05,,0.14,0.11,,,0.3,,,,,,,
1236,UT2003,0.05,,0.12,0.11,,,0.26,,,,,,,
1237,UT2004,0.05,,0.13,0.14,,,0.26,,,,,,,
1238,UT2005,0.04,0.11,0.11,0.11,,0.32,0.26,,,52000.0,,,,
1239,UT2006,0.05,,0.12,0.13,0.76,0.34,0.25,,,57300.0,,,,
1240,UT2007,0.03,,0.11,0.11,0.75,0.33,0.24,0.02,,61800.0,0.02,,,
1241,UT2008,0.04,0.1,0.11,0.12,0.75,0.35,,0.03,0.22,62200.0,0.02,0.06,0.09,0.11
1242,UT2009,0.05,,0.12,0.1,0.75,0.36,,0.06,0.22,61700.0,0.05,0.09,0.12,0.14
1243,UT2010,0.06,0.18,0.16,0.13,0.72,0.37,,0.08,0.24,59900.0,0.07,0.09,0.14,0.17
1244,UT2011,0.06,,0.16,0.11,0.72,0.37,,0.07,0.24,61300.0,0.06,0.08,0.12,0.15
1245,UT2012,0.06,,0.15,0.13,0.71,0.34,,0.04,0.26,62400.0,0.03,0.08,0.12,0.14
1246,UT2013,0.06,0.17,0.15,0.12,0.7,0.3,,0.04,0.25,65500.0,0.03,0.07,0.12,0.16
1247,UT2014,0.05,0.15,0.13,0.11,0.71,0.28,,0.03,0.24,68200.0,0.02,0.08,0.12,0.14
1248,UT2015,0.05,0.15,0.13,0.11,0.72,0.26,,0.03,0.23,70800.0,0.03,0.06,0.1,0.13
1249,UT2016,0.05,0.14,0.11,0.11,0.73,0.24,,0.04,0.22,73500.0,0.03,0.06,0.09,0.12
1250,UT2017,0.04,0.14,0.11,0.11,0.73,0.24,,0.03,0.2,78600.0,0.03,0.06,0.09,0.12
1251,UT2018,0.04,0.13,0.1,0.12,0.75,0.23,,0.02,0.2,81600.0,0.02,0.05,0.07,0.09
1252,UT2019,0.04,0.11,0.1,0.11,0.76,0.24,,0.02,0.19,87300.0,0.02,0.06,0.08,0.1
1253,UT2020,,,,,,,,0.05,,,0.03,,,
1254,UT2021,0.03,0.12,0.08,0.11,0.77,0.22,,0.03,0.18,93000.0,0.02,0.06,0.09,0.1
1255,UT2022,0.04,0.12,0.08,0.11,0.78,0.23,0.17,0.02,0.17,104100.0,0.02,0.05,0.09,0.11
1256,UT2023,0.04,0.11,0.09,0.11,0.76,0.25,,0.03,0.16,108700.0,0.02,0.07,0.09,0.11
1257,UT2024,0.05,0.1,0.09,,,,,0.03,,116400.0,0.02,,,
1258,VA2000,0.07,,0.13,0.08,,,0.27,,,,,,,
1259,VA2001,0.05,,0.12,0.07,,,0.27,,,,,,,
1260,VA2002,0.06,,0.14,0.08,,,0.27,,,,,,,
1261,VA2003,0.05,,0.12,0.07,,,0.27,,,,,,,
1262,VA2004,0.06,,0.13,0.07,,,0.29,,,,,,,
1263,VA2005,0.06,0.15,0.13,0.06,,0.33,0.28,,,64400.0,,,,
1264,VA2006,0.06,,0.12,0.06,0.69,0.36,0.27,,,65000.0,,,,
1265,VA2007,0.05,,0.13,0.07,0.68,0.37,0.28,0.03,,69000.0,0.02,,,
1266,VA2008,0.06,0.15,0.14,0.07,0.67,0.38,,0.04,0.17,71600.0,0.03,0.07,0.1,0.14
1267,VA2009,0.07,,0.14,0.08,0.66,0.39,,0.09,0.16,70000.0,0.06,0.07,0.12,0.17
1268,VA2010,0.06,0.19,0.14,0.09,0.64,0.37,,0.09,0.17,71600.0,0.07,0.07,0.13,0.17
1269,VA2011,0.07,,0.15,0.08,0.64,0.37,,0.07,0.17,73400.0,0.05,0.07,0.12,0.16
1270,VA2012,0.07,,0.15,0.08,0.63,0.35,,0.06,0.19,73300.0,0.04,0.07,0.12,0.15
1271,VA2013,0.07,0.21,0.16,0.08,0.61,0.34,,0.06,0.19,74100.0,0.04,0.07,0.12,0.16
1272,VA2014,0.07,0.21,0.16,0.09,0.62,0.33,,0.06,0.18,76200.0,0.04,0.06,0.11,0.15
1273,VA2015,0.07,0.21,0.15,0.08,0.61,0.32,,0.05,0.18,79400.0,0.04,0.06,0.1,0.14
1274,VA2016,0.07,0.19,0.14,0.08,0.62,0.3,,0.05,0.17,82300.0,0.03,0.06,0.1,0.13
1275,VA2017,0.07,0.19,0.14,0.09,0.63,0.29,,0.03,0.17,86700.0,0.03,0.05,0.09,0.12
1276,VA2018,0.07,0.18,0.14,0.09,0.63,0.29,,0.03,0.17,88900.0,0.03,0.04,0.09,0.12
1277,VA2019,0.06,0.18,0.13,0.09,0.64,0.28,,0.04,0.18,94500.0,0.02,0.05,0.08,0.11
1278,VA2020,,,,,,,,0.07,,,0.05,,,
1279,VA2021,0.06,0.21,0.13,0.08,0.68,0.27,,0.05,0.15,102100.0,0.03,0.05,0.1,0.13
1280,VA2022,0.06,0.21,0.13,0.1,0.68,0.28,0.21,0.04,0.17,108800.0,0.03,0.07,0.1,0.13
1281,VA2023,0.07,0.21,0.13,0.1,0.68,0.28,,0.03,0.17,110600.0,0.02,0.06,0.09,0.12
1282,VA2024,0.06,0.19,0.12,,,,,0.03,,117000.0,0.02,,,
1283,VT2000,0.04,,0.13,0.06,,,0.28,,,,,,,
1284,VT2001,0.07,,0.15,0.06,,,0.3,,,,,,,
1285,VT2002,0.03,,0.1,0.06,,,0.28,,,,,,,
1286,VT2003,0.04,,0.12,0.06,,,0.27,,,,,,,
1287,VT2004,0.05,,0.12,0.05,,,0.28,,,,,,,
1288,VT2005,0.06,0.17,0.15,0.05,,0.33,0.31,,,56800.0,,,,
1289,VT2006,0.06,,0.13,0.05,0.78,0.35,0.3,,,55500.0,,,,
1290,VT2007,0.05,,0.12,0.06,0.74,0.4,0.31,0.04,,56700.0,0.03,,,
1291,VT2008,0.06,0.17,0.13,0.06,0.75,0.37,,0.05,0.15,61400.0,0.04,0.06,0.09,0.11
1292,VT2009,0.06,,0.13,0.04,0.75,0.36,,0.07,0.17,61400.0,0.05,0.07,0.12,0.16
1293,VT2010,0.07,0.26,0.17,0.05,0.75,0.39,,0.07,0.17,61600.0,0.05,0.04,0.1,0.16
1294,VT2011,0.05,,0.15,0.06,0.72,0.36,,0.07,0.19,61100.0,0.05,0.06,0.1,0.14
1295,VT2012,0.07,,0.15,0.05,0.71,0.36,,0.04,0.21,63400.0,0.03,0.04,0.09,0.13
1296,VT2013,0.07,0.3,0.15,0.07,0.72,0.32,,0.05,0.16,65700.0,0.04,0.05,0.1,0.13
1297,VT2014,0.08,0.28,0.16,0.08,0.7,0.32,,0.05,0.18,66200.0,0.04,0.05,0.1,0.15
1298,VT2015,0.05,0.24,0.13,0.09,0.7,0.3,,0.03,0.17,75100.0,0.02,0.04,0.08,0.11
1299,VT2016,0.08,0.24,0.15,0.08,0.72,0.3,,0.03,0.16,73300.0,0.02,0.07,0.1,0.11
1300,VT2017,0.05,0.21,0.14,0.05,0.72,0.31,,0.04,0.2,68900.0,0.03,0.05,0.08,0.1
1301,VT2018,0.06,0.17,0.12,0.05,0.77,0.26,,0.03,0.17,80700.0,0.02,S,0.08,S
1302,VT2019,0.05,0.19,0.1,0.07,0.75,0.24,,0.02,0.18,82200.0,0.01,0.04,0.06,0.08
1303,VT2020,,,,,,,,0.08,,,0.05,,,
1304,VT2021,0.06,0.2,0.1,0.06,0.78,0.24,,0.04,0.12,88900.0,0.03,0.05,0.09,0.12
1305,VT2022,0.04,0.17,0.12,0.07,0.83,0.25,0.26,0.03,0.17,99700.0,0.02,0.06,0.07,0.08
1306,VT2023,0.04,0.17,0.09,0.06,0.83,0.22,,0.02,0.13,112500.0,0.02,0.06,0.08,0.1
1307,VT2024,0.04,0.17,0.09,,,,,0.03,,110100.0,0.02,,,
1308,WA2000,0.07,,0.16,0.16,,,0.31,,,,,,,
1309,WA2001,0.06,,0.14,0.13,,,0.33,,,,,,,
1310,WA2002,0.06,,0.15,0.14,,,0.38,,,,,,,
1311,WA2003,0.06,,0.14,0.12,,,0.35,,,,,,,
1312,WA2004,0.07,,0.17,0.13,,,0.38,,,,,,,
1313,WA2005,0.06,0.18,0.15,0.11,,0.38,0.36,,,56500.0,,,,
1314,WA2006,0.07,,0.15,0.12,0.67,0.4,0.34,,,60800.0,,,,
1315,WA2007,0.07,,0.15,0.1,0.67,0.41,0.34,0.06,,62400.0,0.04,,,
1316,WA2008,0.06,0.17,0.14,0.1,0.66,0.41,,0.05,0.18,66800.0,0.03,0.08,0.12,0.15
1317,WA2009,0.07,,0.16,0.12,0.64,0.42,,0.09,0.17,64200.0,0.07,0.09,0.15,0.2
1318,WA2010,0.08,0.27,0.18,0.13,0.62,0.43,,0.12,0.18,64000.0,0.09,0.08,0.15,0.21
1319,WA2011,0.08,,0.18,0.14,0.6,0.41,,0.12,0.18,64300.0,0.09,0.09,0.15,0.2
1320,WA2012,0.09,,0.19,0.13,0.6,0.39,,0.09,0.19,65700.0,0.07,0.08,0.14,0.18
1321,WA2013,0.08,0.3,0.19,0.14,0.59,0.36,,0.07,0.21,66500.0,0.05,0.07,0.14,0.18
1322,WA2014,0.08,0.27,0.18,0.14,0.58,0.34,,0.06,0.2,69300.0,0.05,0.08,0.13,0.17
1323,WA2015,0.07,0.26,0.16,0.14,0.6,0.33,,0.05,0.19,72500.0,0.04,0.07,0.12,0.16
1324,WA2016,0.06,0.23,0.14,0.14,0.61,0.31,,0.06,0.17,79100.0,0.05,0.07,0.12,0.15
1325,WA2017,0.07,0.23,0.14,0.13,0.62,0.31,,0.05,0.16,82200.0,0.03,0.06,0.1,0.14
1326,WA2018,0.05,0.21,0.13,0.14,0.63,0.3,,0.05,0.16,85800.0,0.03,0.06,0.11,0.14
1327,WA2019,0.06,0.19,0.12,0.15,0.64,0.29,,0.04,0.16,91500.0,0.03,0.07,0.1,0.13
1328,WA2020,,,,,,,,0.08,,,0.06,,,
1329,WA2021,0.06,0.26,0.12,0.14,0.66,0.3,,0.05,0.12,101800.0,0.04,0.07,0.12,0.15
1330,WA2022,0.06,0.24,0.11,0.14,0.68,0.31,0.24,0.04,0.14,108900.0,0.02,0.08,0.11,0.14
1331,WA2023,0.06,0.24,0.12,0.14,0.66,0.31,,0.04,0.14,114600.0,0.03,0.08,0.11,0.14
1332,WA2024,0.05,0.22,0.11,,,,,0.04,,124000.0,0.03,,,
1333,WI2000,0.03,,0.12,0.12,,,0.27,,,,,,,
1334,WI2001,0.05,,0.14,0.09,,,0.29,,,,,,,
1335,WI2002,0.05,,0.14,0.11,,,0.3,,,,,,,
1336,WI2003,0.06,,0.14,0.09,,,0.3,,,,,,,
1337,WI2004,0.07,,0.14,0.09,,,0.3,,,,,,,
1338,WI2005,0.07,0.15,0.14,0.08,,0.32,0.3,,,58300.0,,,,
1339,WI2006,0.06,,0.15,0.08,0.74,0.34,0.28,,,60000.0,,,,
1340,WI2007,0.06,,0.14,0.08,0.72,0.34,0.29,0.05,,62000.0,0.04,,,
1341,WI2008,0.06,0.16,0.13,0.08,0.74,0.34,,0.05,0.19,64900.0,0.04,0.05,0.09,0.13
1342,WI2009,0.07,,0.17,0.08,0.71,0.35,,0.1,0.19,61500.0,0.07,0.06,0.11,0.15
1343,WI2010,0.08,0.26,0.19,0.09,0.7,0.36,,0.1,0.2,60100.0,0.07,0.07,0.11,0.15
1344,WI2011,0.08,,0.18,0.09,0.69,0.35,,0.09,0.21,62300.0,0.07,0.06,0.11,0.15
1345,WI2012,0.08,,0.18,0.1,0.68,0.31,,0.08,0.2,63600.0,0.06,0.06,0.11,0.15
1346,WI2013,0.07,0.27,0.18,0.1,0.67,0.3,,0.08,0.22,63700.0,0.06,0.05,0.1,0.14
1347,WI2014,0.07,0.27,0.18,0.09,0.66,0.29,,0.06,0.22,65400.0,0.04,0.06,0.1,0.14
1348,WI2015,0.07,0.25,0.16,0.09,0.67,0.25,,0.06,0.2,70700.0,0.04,0.05,0.08,0.11
1349,WI2016,0.07,0.25,0.16,0.1,0.68,0.25,,0.04,0.2,74000.0,0.03,0.05,0.09,0.11
1350,WI2017,0.06,0.22,0.14,0.09,0.69,0.23,,0.03,0.2,75300.0,0.02,0.05,0.09,0.12
1351,WI2018,0.06,0.21,0.14,0.09,0.69,0.23,,0.02,0.2,77300.0,0.02,0.05,0.08,0.11
1352,WI2019,0.06,0.2,0.14,0.09,0.69,0.22,,0.04,0.2,82000.0,0.03,0.05,0.08,0.11
1353,WI2020,,,,,,,,0.07,,,0.05,,,
1354,WI2021,0.06,0.24,0.13,0.1,0.72,0.21,,0.05,0.17,87000.0,0.04,0.06,0.09,0.13
1355,WI2022,0.06,0.23,0.13,0.09,0.74,0.22,0.2,0.04,0.18,94900.0,0.03,0.05,0.08,0.11
1356,WI2023,0.06,0.23,0.13,0.09,0.74,0.22,,0.03,0.19,101400.0,0.02,0.05,0.08,0.1
1357,WI2024,0.06,0.23,0.12,,,,,0.02,,102400.0,0.02,,,
1358,WV2000,0.14,,0.26,0.06,,,0.4,,,,,,,
1359,WV2001,0.11,,0.23,0.06,,,0.39,,,,,,,
1360,WV2002,0.1,,0.25,0.06,,,0.38,,,,,,,
1361,WV2003,0.11,,0.25,0.07,,,0.37,,,,,,,
1362,WV2004,0.11,,0.24,0.06,,,0.36,,,,,,,
1363,WV2005,0.11,0.26,0.26,0.06,,0.25,0.39,,,40600.0,,,,
1364,WV2006,0.12,,0.25,0.06,0.72,0.25,0.39,,,43500.0,,,,
1365,WV2007,0.11,,0.23,0.06,0.72,0.23,0.38,0.05,,44700.0,0.04,,,
1366,WV2008,0.11,0.27,0.23,0.05,0.72,0.25,,0.06,0.25,47200.0,0.05,0.1,0.16,0.22
1367,WV2009,0.11,,0.24,0.06,0.7,0.25,,0.09,0.23,47600.0,0.08,0.15,0.19,0.23
1368,WV2010,0.11,0.35,0.25,0.06,0.72,0.27,,0.1,0.23,47800.0,0.08,0.14,0.2,0.24
1369,WV2011,0.12,,0.26,0.06,0.68,0.26,,0.08,0.25,49100.0,0.08,0.11,0.2,0.26
1370,WV2012,0.13,,0.25,0.08,0.68,0.24,,0.09,0.23,51000.0,0.07,0.09,0.16,0.21
1371,WV2013,0.13,0.36,0.27,0.06,0.65,0.25,,0.07,0.22,51100.0,0.05,0.1,0.18,0.25
1372,WV2014,0.12,0.33,0.25,0.08,0.67,0.24,,0.07,0.25,51900.0,0.05,0.07,0.16,0.23
1373,WV2015,0.13,0.35,0.25,0.07,0.67,0.22,,0.07,0.23,53000.0,0.06,0.1,0.17,0.22
1374,WV2016,0.11,0.35,0.24,0.08,0.67,0.23,,0.07,0.24,53800.0,0.06,0.1,0.17,0.22
1375,WV2017,0.12,0.34,0.26,0.06,0.67,0.22,,0.07,0.23,53600.0,0.05,0.11,0.17,0.22
1376,WV2018,0.11,0.32,0.25,0.09,0.67,0.24,,0.07,0.25,57100.0,0.05,0.12,0.16,0.2
1377,WV2019,0.1,0.33,0.2,0.07,0.69,0.2,,0.06,0.25,58500.0,0.04,0.09,0.15,0.21
1378,WV2020,,,,,,,,0.09,,,0.08,,,
1379,WV2021,0.11,0.36,0.21,0.07,0.75,0.22,,0.04,0.21,68100.0,0.04,0.08,0.16,0.22
1380,WV2022,0.12,0.38,0.25,0.05,0.71,0.22,0.33,0.05,0.23,68700.0,0.04,0.1,0.14,0.17
1381,WV2023,0.09,0.3,0.2,0.06,0.75,0.19,,0.04,0.24,72800.0,0.02,0.09,0.14,0.18
1382,WV2024,0.1,0.31,0.22,,,,,0.05,,80300.0,0.03,,,
1383,WY2000,0.04,,0.15,0.1,,,0.33,,,,,,,
1384,WY2001,0.06,,0.13,0.11,,,0.28,,,,,,,
1385,WY2002,0.07,,0.14,0.1,,,0.3,,,,,,,
1386,WY2003,0.05,,0.12,0.11,,,0.28,,,,,,,
1387,WY2004,0.07,,0.14,0.09,,,0.32,,,,,,,
1388,WY2005,0.05,0.14,0.11,0.06,,0.2,0.29,,,53700.0,,,,
1389,WY2006,0.04,,0.12,0.1,0.67,0.23,0.33,,,53900.0,,,,
1390,WY2007,0.05,,0.12,0.11,0.68,0.21,0.31,0.03,,62100.0,0.02,,,
1391,WY2008,0.05,0.13,0.12,0.08,0.71,0.24,,0.03,0.21,61100.0,0.02,0.07,0.12,0.16
1392,WY2009,0.03,,0.13,0.1,0.7,0.24,,0.08,0.19,63500.0,0.06,0.09,0.12,0.15
1393,WY2010,0.05,0.16,0.14,0.11,0.64,0.25,,0.07,0.21,60900.0,0.06,0.09,0.14,0.17
1394,WY2011,0.06,,0.16,0.11,0.7,0.27,,0.06,0.22,65800.0,0.05,0.04,0.13,0.19
1395,WY2012,0.08,,0.17,0.1,0.64,0.27,,0.04,0.22,61700.0,0.04,0.07,0.11,0.14
1396,WY2013,0.06,0.13,0.13,0.08,0.67,0.2,,0.05,0.2,72700.0,0.03,0.05,0.12,0.17
1397,WY2014,0.06,0.17,0.13,0.09,0.65,0.22,,0.04,0.2,73400.0,0.03,0.04,0.09,0.12
1398,WY2015,0.04,0.15,0.13,0.13,0.63,0.22,,0.03,0.2,72900.0,0.03,0.1,0.12,0.14
1399,WY2016,0.04,0.16,0.11,0.09,0.69,0.2,,0.06,0.21,73100.0,0.04,0.05,0.1,0.13
1400,WY2017,0.07,0.13,0.13,0.13,0.7,0.22,,0.05,0.2,73000.0,0.03,0.08,0.1,0.12
1401,WY2018,0.06,0.13,0.14,0.09,0.71,0.2,,0.05,0.21,76500.0,0.03,0.07,0.1,0.14
1402,WY2019,0.05,0.12,0.12,0.1,0.74,0.17,,0.03,0.22,80000.0,0.02,0.07,0.11,0.15
1403,WY2020,,,,,,,,0.05,,,0.05,,,
1404,WY2021,0.07,0.13,0.13,0.11,0.74,0.24,,0.05,0.17,81700.0,0.04,0.07,0.08,0.09
1405,WY2022,0.05,0.13,0.14,0.1,0.76,0.22,0.21,0.04,0.18,87900.0,0.03,0.05,0.1,0.13
1406,WY2023,0.07,0.14,0.15,0.1,0.71,0.21,,0.03,0.22,91300.0,0.02,0.07,0.09,0.11
1407,WY2024,0.03,0.13,0.1,,,,,0.03,,90000.0,0.02,,,
